,이름,설치지점,주소,lat,lng
0,갤러리아(EAST점),도로변(횡단보도 포함),서울특별시 강남구 압구정동 515,37.52808055,127.0415693
1,갤러리아(WEST점),도로변(횡단보도 포함),서울특별시 강남구 압구정동 394,37.52808838,127.0299913
2,갤러리아(생활관),"정류소(버스, 택시 등)",서울특별시 강남구 압구정동 494,37.52856185,127.0400546
3,한양아파트 35동,도로변(횡단보도 포함),서울특별시 강남구 압구정동 489,37.52915614,127.0381666
4,한양아파트 61동,"정류소(버스, 택시 등)",서울특별시 강남구 압구정동 485,37.52957754,127.0367659
5,현대아파트 91동,도로변(횡단보도 포함),서울특별시 강남구 압구정동 482,37.52992788,127.034867
6,현대아파트 84동,"정류소(버스, 택시 등)",서울특별시 강남구 압구정동 458,37.5296596,127.0308298
7,압구정역 1번출구,지하철역 입구,서울 강남구 압구정동 457,37.52785861,127.0293357
8,신현대아파트 103동,도로변(횡단보도 포함),서울 강남구 압구정동 426,37.5262226,127.0244793
9,현대아파트 101동,도로변(횡단보도 포함),서울 강남구 압구정동 426,37.5262226,127.0244793
10,신사중학교,도로변(횡단보도 포함),서울 강남구 압구정동 410,37.52434139,127.021256
11,신사중학교,"정류소(버스, 택시 등)",서울 강남구 압구정동 410,37.52434139,127.021256
12,미성2차 23동앞,도로변(횡단보도 포함),서울 강남구 압구정동 396,37.52306546,127.0181038
13,덕산빌딩,"정류소(버스, 택시 등)",서울 강남구 신사동 528-3,37.52292045,127.020579
14,신사동사무소,도로변(횡단보도 포함),서울 강남구 신사동 548-1,37.52399981,127.0227421
15,대일부동산,"정류소(버스, 택시 등)",서울 강남구 신사동 574-3,37.5253416,127.0253385
16,압구정역 5번출구,지하철역 입구,서울 강남구 신사동 580-6,37.52665935,127.0279554
17,소망부동산,"정류소(버스, 택시 등)",서울 강남구 신사동 615-1,37.52805874,127.0310215
18,라움,도로변(횡단보도 포함),서울 강남구 신사동 617-3,37.5287676,127.0331986
19,대영부동산,도로변(횡단보도 포함),서울 강남구 신사동 638-5,37.52877979,127.0352863
20,더블유 수약국,"정류소(버스, 택시 등)",서울 강남구 신사동 639-1,37.52871686,127.0360076
21,우리은행 압구정로데오지점,도로변(횡단보도 포함),서울 강남구 신사동 638-13,37.52858501,127.0343032
22,동서상가,"정류소(버스, 택시 등)",서울 강남구 신사동 661-1,37.52792225,127.0389015
23,로데오역 6번출구,지하철역 입구,서울 강남구 신사동 664,37.52768957,127.0398542
24,CJ성형외과,도로변(횡단보도 포함),서울 강남구 청담동 78-16,37.52741375,127.0409776
25,삼아약품,"정류소(버스, 택시 등)",서울 강남구 청담동 80-18,37.5263824,127.0450951
26,버버리 코리아,도로변(횡단보도 포함),서울 강남구 청담동 98-8,37.52447929,127.0467443
27,미니스톱(청수빌딩),"정류소(버스, 택시 등)",서울 강남구 청담동 124-4,37.52479735,127.0491684
28,탐앤탐스 청담점,도로변(횡단보도 포함),서울 강남구 도산대로89길 3,37.52505686,127.0501974
29,밀레,도로변(횡단보도 포함),서울 강남구 청담동 91-2,37.52386862,127.041628
30,국민은행 학동사거리점,도로변(횡단보도 포함),서울 강남구 신사동 666-11,37.52377241,127.0389277
31,쉐이크쉑 청담점,"정류소(버스, 택시 등)",서울 강남구 신사동 652-16,37.523117,127.0375867
32,바카라(313빌딩),도로변(횡단보도 포함),서울 강남구 신사동 630-31,37.52250054,127.0355297
33,한성모터스(학빌딩),도로변(횡단보도 포함),서울 강남구 신사동 629-24,37.521751,127.0333574
34,마세라티 강남전시장,"정류소(버스, 택시 등)",서울 강남구 신사동 588-21,37.52083769,127.0305482
35,바른약국,도로변(횡단보도 포함),서울 강남구 신사동 561-31,37.5190292,127.0256273
36,KT 신사점,"정류소(버스, 택시 등)",서울 강남구 신사동 514-10,37.51761962,127.0223373
37,신사역 8번출구,지하철역 입구,서울 강남구 신사동 513-4,37.51701198,127.0208477
38,신사역 7번출구,지하철역 입구,서울 강남구 신사동 501-2,37.51677389,127.0200779
39,신사역 2번출구,지하철역 입구,서울 강남구 논현동 1,37.51586161,127.0201883
40,신사역 1번출구,지하철역 입구,서울 강남구 논현동 2-15,37.51637084,127.0212698
41,청호빌딩,"정류소(버스, 택시 등)",서울 강남구 논현동 3-2,37.51673798,127.0218798
42,애플(페이토빌딩),도로변(횡단보도 포함),서울 강남구 논현동 5-1,37.51732568,127.0234198
43,을지병원,도로변(횡단보도 포함),서울 강남구 논현동 59,37.51941073,127.0285846
44,에이스침대,도로변(횡단보도 포함),서울 강남구 논현동 61,37.52023774,127.0307976
45,아우디 도산대로전시장,도로변(횡단보도 포함),서울 강남구 논현동 91-3,37.52138754,127.0349225
46,신한은행 도산대로지점,"정류소(버스, 택시 등)",서울 강남구 논현동 92,37.52201619,127.0363492
47,삼성,도로변(횡단보도 포함),서울 강남구 논현동 94-2,37.52270158,127.0388747
48,포르쉐스튜디오,도로변(횡단보도 포함),서울 강남구 청담동 3,37.52301767,127.0419961
49,SSG푸드마켓 청담점,"정류소(버스, 택시 등)",서울 강남구 청담동 4-1,37.52339387,127.0436576
50,보테가라운지,도로변(횡단보도 포함),서울 강남구 청담동 48,37.52394718,127.0478157
51,청담빌딩,도로변(횡단보도 포함),서울 강남구 청담동 52,37.52418045,127.0510511
52,스타벅스 청담점,"정류소(버스, 택시 등)",서울 강남구 청담동 52-1,37.5243533,127.0515878
53,프리마호텔,도로변(횡단보도 포함),서울 강남구 청담동 52-3,37.52428236,127.0522606
54,세븐일레븐 청담루나점,"정류소(버스, 택시 등)",서울 강남구 청담동 72-3,37.52008137,127.0559516
55,진흥아파트 5동 앞,지하철역 입구,서울 강남구 청담동 73,37.51991782,127.0538684
56,청담역 11번출구,지하철역 입구,서울 강남구 청담동 75-1,37.5195064,127.0516805
57,청담역 10번출구,지하철역 입구,서울 강남구 청담동 75-1,37.5195064,127.0516805
58,강남세무서,"정류소(버스, 택시 등)",서울 강남구 청담동 45,37.51872833,127.0470845
59,삼성아파트 101동 앞,"정류소(버스, 택시 등)",서울 강남구 청담동 42,37.51791619,127.0427539
60,강남구청역 4번출구,지하철역 입구,서울 강남구 청담동 41-2,37.51757038,127.0414878
61,강남구청역 3번출구,지하철역 입구,서울 강남구 논현동 119,37.51744914,127.0406344
62,T-WORLD(HOSIG 타워),"정류소(버스, 택시 등)",서울 강남구 논현동 118-16,37.51706105,127.0399245
63,바나프레소 세관사거리점,도로변(횡단보도 포함),서울 강남구 논현동 115-13,37.51581026,127.0357432
64,서울제이에스병원,"정류소(버스, 택시 등)",서울특별시 강남구 논현동 90-7,37.51552685,127.0346713
65,논현2동 파출소,도로변(횡단보도 포함),서울 강남구 논현동 89-13,37.51520778,127.0338471
66,학동역9번 출구,지하철역 입구,서울 강남구 논현동 88-9,37.51470354,127.0320414
67,학동역6번 출구,지하철역 입구,서울 강남구 논현동 58-9,37.51409481,127.0300173
68,삼익뮤직프라자,"정류소(버스, 택시 등)",서울 강남구 논현동 58-3,37.51413115,127.0291813
69,나뚜찌,도로변(횡단보도 포함),서울 강남구 논현동 56-22,37.51296092,127.0265515
70,포레힐호텔,"정류소(버스, 택시 등)",서울 강남구 논현동 54-4,37.51210108,127.0236316
71,논현역8번 출구,지하철역 입구,서울 서초구 잠원동 37-7,37.51158366,127.0205951
72,영동가구(학동로106),"정류소(버스, 택시 등)",서울 강남구 논현동 121,37.51113838,127.0225959
73,학동역5번 출구,지하철역 입구,서울 강남구 논현동 129-1,37.51365617,127.0304904
74,학동역2번 출구,지하철역 입구,서울 강남구 논현동 208,37.51396332,127.0318507
75,학동역1번 출구,지하철역 입구,서울 강남구 논현동 208-7,37.51434684,127.0329923
76,쌍용자동차 강남논현전시장,도로변(횡단보도 포함),서울 강남구 논현동 238,37.51516262,127.0357469
77,카페마스터,"정류소(버스, 택시 등)",서울 강남구 논현동 238-10,37.51544406,127.0364371
78,정관장 강남구청역점,"정류소(버스, 택시 등)",서울 강남구 논현동 241-1,37.51655254,127.0401392
79,허브프라자,도로변(횡단보도 포함),서울 강남구 논현동 241-3,37.51668735,127.0405907
80,서광아파트 101동앞,"정류소(버스, 택시 등)",서울 강남구 삼성동 2,37.51702987,127.0427451
81,삼성월드 아파트 앞,도로변(횡단보도 포함),서울 강남구 삼성동 3-1,37.51743348,127.044098
82,한솔아파트 101동 앞,도로변(횡단보도 포함),서울 강남구 삼성동 4-1,37.51768191,127.0454537
83,강남구청,도로변(횡단보도 포함),서울 강남구 삼성동 16-1,37.51756894,127.0474867
84,강남구청,"정류소(버스, 택시 등)",서울 강남구 삼성동 16-1,37.51756894,127.0474867
85,상아아파트1동(학동로446),도로변(횡단보도 포함),서울 강남구 삼성동 189,37.5177086,127.0498648
86,청담역4번 출구,지하철역 입구,서울 강남구 삼성동 53-2,37.51871387,127.0521206
87,청담불한증막,"정류소(버스, 택시 등)",서울 강남구 청담동 44-12,37.51835197,127.0459642
88,삼성라테라스아파트,도로변(횡단보도 포함),서울특별시 강남구 봉은사로 645,37.51554948,127.0657975
89,삼성라테라스아파트,도로변(횡단보도 포함),서울특별시 강남구 봉은사로 645,37.51554948,127.0657975
90,미켈란107,도로변(횡단보도 포함),서울 강남구 삼성동 107,37.51488588,127.0604124
91,봉은사역 1번출구,도로변(횡단보도 포함),서울 강남구 삼성동 77-20,37.51434204,127.059151
92,GS25 봉은사점,"정류소(버스, 택시 등)",서울 강남구 삼성동 77-23,37.51426165,127.0586577
93,봉은사,도로변(횡단보도 포함),서울특별시 강남구 봉은사로 531,37.5158257,127.0577345
94,더라빌입구,도로변(횡단보도 포함),서울 강남구 삼성동 73-1,37.5140631,127.0563664
95,더라빌입구,도로변(횡단보도 포함),서울 강남구 삼성동 73-1,37.5140631,127.0563664
96,국민은행 삼성중앙역지점,도로변(횡단보도 포함),서울 강남구 삼성동 51-2,37.51315812,127.0526854
97,롯데슈퍼 봉은사로점,"정류소(버스, 택시 등)",서울 강남구 봉은사로 471,37.51272627,127.0512395
98,한국통신사업자,"정류소(버스, 택시 등)",서울 강남구 삼성동 44-9,37.51161279,127.0474155
99,삼성2동주민센터,"정류소(버스, 택시 등)",서울 강남구 삼성동 38-34,37.5112125,127.0459841
100,삼성2동주민센터,"정류소(버스, 택시 등)",서울 강남구 삼성동 38-34,37.5112125,127.0459841
101,쿨마트 논현점(아크로힐스 논현아파트 104동 앞),"정류소(버스, 택시 등)",서울 강남구 논현동 277-27,37.50952137,127.0401403
102,아크로힐스 103동 앞,도로변(횡단보도 포함),서울 강남구 논현동 276-1,37.5095251,127.0389548
103,타이어T-스테이션 강남논현점,"정류소(버스, 택시 등)",서울 강남구 봉은사로 229,37.50868774,127.0371736
104,올리브영 언주역점,"정류소(버스, 택시 등)",서울 강남구 논현동 235-9,37.50793282,127.0349987
105,거평타운,도로변(횡단보도 포함),서울 강남구 논현동 203-1,37.50588971,127.0282229
106,거평타운,도로변(횡단보도 포함),서울 강남구 논현동 203-1,37.50588971,127.0282229
107,신논현역(봉은사로 110),"정류소(버스, 택시 등)",서울 강남구 역삼동 601-1,37.50464598,127.0258131
108,삼정호텔(차병원 건강검진센터),"정류소(버스, 택시 등)",서울 강남구 역삼동 604-7,37.5061226,127.0311803
109,여송빌딩,도로변(횡단보도 포함),서울 강남구 역삼동 650,37.50712213,127.0342633
110,송산빌딩,"정류소(버스, 택시 등)",서울 강남구 역삼동 651,37.5073663,127.0351984
111,송산빌딩,"정류소(버스, 택시 등)",서울 강남구 역삼동 651,37.5073663,127.0351984
112,송산빌딩,"정류소(버스, 택시 등)",서울 강남구 역삼동 651,37.5073663,127.0351984
113,우리은행 역삼동지점,도로변(횡단보도 포함),서울특별시 강남구 역삼동 726,37.49907048,127.0383672
114,NK타워,"정류소(버스, 택시 등)",서울 강남구 역삼동 681-16,37.50910673,127.0406518
115,창일빌딩,"정류소(버스, 택시 등)",서울 강남구 역삼동 682-7,37.50970835,127.0429137
116,라마다호텔,도로변(횡단보도 포함),서울 강남구 봉은사로 410,37.51034745,127.045279
117,구다모,"정류소(버스, 택시 등)",서울 강남구 삼성동 113-2,37.5106567,127.046361
118,우리은행 삼성중앙역지점,"정류소(버스, 택시 등)",서울 강남구 삼성동 117-1,37.51247662,127.0524432
119,광동한방병원,"정류소(버스, 택시 등)",서울 강남구 삼성동 161,37.51426023,127.0621313
120,신의주찹쌀순대,"정류소(버스, 택시 등)",서울 강남구 봉은사로 636,37.51480565,127.0649071
121,삼성빌딩,"정류소(버스, 택시 등)",서울 강남구 삼성동 170-8,37.51000177,127.0657189
122,삼성역8번 출구,지하철역 입구,서울 강남구 테헤란로 607,37.50951094,127.0640016
123,K타워(삼성동 158-23),도로변(횡단보도 포함),서울 강남구 테헤란로 513,37.50802541,127.0588878
124,국민은행 삼성동지점,도로변(횡단보도 포함),서울 강남구 삼성동 157-33,37.50739825,127.0571911
125,KB우준타워,도로변(횡단보도 포함),서울 강남구 삼성동 144-29,37.50720878,127.0560353
126,연당빌딩,"정류소(버스, 택시 등)",서울 강남구 삼성동 144-23,37.50684229,127.0551818
127,삼성생명,도로변(횡단보도 포함),서울 강남구 대치동 890,37.50476544,127.0512515
128,선릉역10번 출구,지하철역 입구,서울 강남구 삼성동 141-32,37.50529874,127.0497948
129,선릉역6번 출구,지하철역 입구,서울 강남구 역삼동 705-27,37.5047896,127.0484605
130,선릉역5번 출구,지하철역 입구,서울 강남구 역삼동 705-9,37.5046454,127.047444
131,동훈타운,도로변(횡단보도 포함),서울 강남구 역삼동 702-19,37.50396509,127.0457456
132,한국기술센터,"정류소(버스, 택시 등)",서울 강남구 역삼동 701-7,37.50329797,127.0436473
133,KEB하나은행 역삼역금융센터,"정류소(버스, 택시 등)",서울 강남구 테헤란로 207,37.50171193,127.0387144
134,역삼역8번 출구,지하철역 입구,서울 강남구 역삼동 679-5,37.50130716,127.0371725
135,역삼역5번 출구,지하철역 입구,서울 강남구 역삼동 642-19,37.5010235,127.0360825
136,역삼역4번출구,지하철역 입구,서울 강남구 테헤란로 143,37.50061921,127.0348978
137,특허청,도로변(횡단보도 포함),서울 강남구 역삼동 647-9,37.50008666,127.0329013
138,여삼빌딩,도로변(횡단보도 포함),서울 강남구 역삼동 648-23,37.49956436,127.0315093
139,단풍나무집 강남점,"정류소(버스, 택시 등)",서울특별시 강남구 역삼동 822-7,37.49897454,127.0295345
140,강남역 12번출구,지하철역 입구,서울 강남구 역삼동 822-1,37.49866394,127.0285122
141,신사역6번 출구,지하철역 입구,서울 강남구 강남대로 616,37.51685602,127.0197982
142,신사역3번 출구,지하철역 입구,서울 강남구 강남대로 606,37.51586783,127.0201564
143,동신빌딩,"정류소(버스, 택시 등)",서울 강남구 논현동 17,37.5153929,127.0201914
144,전기공사공제조합,도로변(횡단보도 포함),서울 강남구 논현동 19-7,37.51311208,127.0208579
145,강남에스엠여성의원,"정류소(버스, 택시 등)",서울특별시 강남구 논현동 164-11,37.5075076,127.0235048
146,온누리제일그랜드약국,도로변(횡단보도 포함),서울 강남구 논현동 200,37.50510727,127.0246711
147,신논현역 5번출구,지하철역 입구,서울 강남구 역삼동 808-5,37.50420283,127.0251141
148,한국자산관리공사,"정류소(버스, 택시 등)",서울 강남구 도곡동 949-3,37.48718204,127.0333566
149,ABC마트 GS강남본점,도로변(횡단보도 포함),서울 강남구 강남대로 430,37.50096626,127.0266717
150,씨티약국,"정류소(버스, 택시 등)",서울 강남구 강남대로 374,37.49628956,127.0290672
151,뉴발란스 강남 플래그십스토어,도로변(횡단보도 포함),서울 강남구 역삼동 820,37.49950783,127.0273161
152,YBM어학원 강남센터,도로변(횡단보도 포함),서울 강남구 역삼동 820-8,37.49922315,127.0275749
153,압구정역4번 출구,지하철역 입구,서울 강남구 신사동 581-6,37.52563324,127.0281632
154,브라운성형외과의원,도로변(횡단보도 포함),서울 강남구 신사동 582-10,37.52524241,127.0280597
155,국민은행 압구정종합금융센터,"정류소(버스, 택시 등)",서울 강남구 신사동 585-13,37.52280323,127.028021
156,하이마트 압구정점,도로변(횡단보도 포함),서울 강남구 신사동 563-33,37.51998657,127.0273903
157,더조은 병원,"정류소(버스, 택시 등)",서울특별시 강남구 논현동 37-21,37.51484975,127.0300652
158,학동역7번 출구,지하철역 입구,서울 강남구 논현동 58-7,37.51422846,127.0302621
159,학동역4번 출구,지하철역 입구,서울 강남구 논현동 129-1,37.51365617,127.0304904
160,LGU+ 언주역점,"정류소(버스, 택시 등)",서울 강남구 논현동 192-6,37.50790961,127.0333086
161,기업은행 언주역지점,도로변(횡단보도 포함),서울 강남구 논현동 192-19,37.5074826,127.0334246
162,안덕빌딩,"정류소(버스, 택시 등)",서울특별시 강남구 역삼동 607-11,37.50577108,127.0342371
163,배민라이더스 남부센터,도로변(횡단보도 포함),서울특별시 강남구 역삼동 607-19,37.50492113,127.034658
164,마린텍,도로변(횡단보도 포함),서울 강남구 역삼동 628-14,37.50349963,127.0352294
165,GS빌딩,"정류소(버스, 택시 등)",서울 강남구 역삼동 679,37.50209421,127.0367982
166,온누리건강약국(온누리빌딩),도로변(횡단보도 포함),서울특별시 강남구 역삼동 667-16,37.50365971,127.0359027
167,문화빌딩,"정류소(버스, 택시 등)",서울 강남구 역삼동 659-5,37.50539988,127.0351395
168,언주역 3번출구,지하철역 입구,서울 강남구 논현동 234-20,37.50788201,127.0340445
169,이자카야찬,도로변(횡단보도 포함),서울 강남구 논현동 221-14,37.51020236,127.0328303
170,스타벅스 논현힐탑점,"정류소(버스, 택시 등)",서울 강남구 논현동 216-5,37.51157728,127.0321972
171,학동역3번 출구,지하철역 입구,서울 강남구 학동로 204,37.51378159,127.0311955
172,아이케슬,"정류소(버스, 택시 등)",서울 강남구 논현동 86-1,37.51528413,127.03074
173,국제모피,도로변(횡단보도 포함),서울 강남구 논현동 80,37.51682183,127.0298563
174,로뎀빌딩,도로변(횡단보도 포함),서울 강남구 신사동 591-18,37.52178562,127.0284523
175,농협 압구정역지점,"정류소(버스, 택시 등)",서울 강남구 신사동 599,37.52420763,127.0287439
176,압구정역3번 출구,지하철역 입구,서울 강남구 신사동 610-5,37.52611964,127.0287739
177,압구정역2번 출구,지하철역 입구,서울 강남구 논현로 876-2,37.52687443,127.0286791
178,현대아파트 79동,도로변(횡단보도 포함),서울 강남구 압구정동 449,37.52951167,127.0271203
179,압구정중고,"정류소(버스, 택시 등)",서울 강남구 압구정동 458,37.5296596,127.0308298
180,라움,도로변(횡단보도 포함),서울 강남구 신사동 637,37.52825971,127.0341458
181,글로벌뱅앤올룹슨,도로변(횡단보도 포함),서울 강남구 신사동 618-4,37.52775867,127.0331627
182,서울세관,도로변(횡단보도 포함),서울 강남구 논현동 71,37.51815167,127.034019
183,신한은행 영동지점,"정류소(버스, 택시 등)",서울 강남구 논현동 84,37.51671379,127.0348147
184,올리브영 세관사거리점,도로변(횡단보도 포함),서울시 강남구 학동로235 영일빌딩,37.51558036,127.0350116
185,포스코주택전시관,"정류소(버스, 택시 등)",서울시 강남구 언주로 832,37.52460391,127.0337803
186,강남지인병원,도로변(횡단보도 포함),서울 강남구 언주로 631,37.51279085,127.0350284
187,강남 YMCA(논현동225-6),"정류소(버스, 택시 등)",서울 강남구 언주로 615,37.51063971,127.0361861
188,스포월드,"정류소(버스, 택시 등)",서울 강남구 언주로98길 14,37.50484403,127.0428242
189,르노삼성자동차 강남지점,도로변(횡단보도 포함),서울 강남구 언주로 551,37.50699313,127.0396545
190,영동전화국,"정류소(버스, 택시 등)",서울 강남구 언주로98길 5,37.50517701,127.0421758
191,역삼 2번지하보도(테헤란로301),기타(지하보도 앞),서울 강남구 테헤란로 301,37.50312564,127.0430688
192,서울 전통 육개장,"정류소(버스, 택시 등)",서울 강남구 언주로 516,37.50476826,127.0420685
193,LGU+ K버스정류장 IDC논현센터,"정류소(버스, 택시 등)",서울 강남구 언주로 616,37.51104663,127.0369839
194,임페리얼 팔레스,"정류소(버스, 택시 등)",서울시 강남구 언주로 640,37.51409813,127.0358848
195,세븐일레븐 논현2호점,"정류소(버스, 택시 등)",서울특별시 강남구 논현동 106-7,37.5172807,127.0357438
196,두산타워,도로변(횡단보도 포함),서울 강남구 언주로 726,37.51938164,127.0351975
197,아크로갤러리,"정류소(버스, 택시 등)",서울특별시 강남구 언주로 812,37.52296234,127.0338735
198,윤당 아트홀,"정류소(버스, 택시 등)",서울 강남구 언주로 844,37.52565512,127.0337298
199,현대아파트 92동앞,"정류소(버스, 택시 등)",서울 강남구 압구정로 309,37.53192115,127.0355385
200,국대떡볶이 압구정로데오점,"정류소(버스, 택시 등)",서울 강남구 선릉로 815,37.52486582,127.0393276
201,LGU+ 강남구청역점,"정류소(버스, 택시 등)",서울 강남구 선릉로 635 1층,37.5131553,127.0424731
202,KS병원,"정류소(버스, 택시 등)",서울 강남구 선릉로 571,37.50931819,127.0439442
203,선릉역7번출구,지하철역 입구,서울 강남구 역삼동 802-31,37.50358287,127.0493526
204,선릉역8번출구,지하철역 입구,서울 강남구 삼성동 141-36,37.50496208,127.0490373
205,아크로텔,"정류소(버스, 택시 등)",서울 강남구 선릉로 524,37.50665507,127.0483862
206,건우한의원,"정류소(버스, 택시 등)",서울 강남구 선릉로 630,37.51282834,127.0431623
207,나래(한미르빌딩),도로변(횡단보도 포함),서울 강남구 선릉로 646,37.51419597,127.0426906
208,도시빌딩,"정류소(버스, 택시 등)",서울 강남구 선릉로 714,37.51862798,127.0409742
209,영동고교입구,"정류소(버스, 택시 등)",서울 강남구 선릉로 742,37.52138901,127.0437393
210,버거킹 청담점,"정류소(버스, 택시 등)",서울 강남구 선릉로 812,37.52430491,127.0397249
211,Tag Heuer,도로변(횡단보도 포함),서울 강남구 선릉로 828,37.5258359,127.0402337
212,청담성모치과,"정류소(버스, 택시 등)",서울 강남구 삼성로 767,37.52310582,127.0476074
213,청기와 아트갤러리,도로변(횡단보도 포함),서울 강남구 삼성로 755,37.52227131,127.0480641
214,피카소 라운지,도로변(횡단보도 포함),서울 강남구 삼성로148길 10,37.52371079,127.048619
215,설빙 청담공원점,"정류소(버스, 택시 등)",서울특별시 강남구 삼성로 725,37.52021814,127.0490704
216,청담역8번 출구,지하철역 입구,서울 강남구 청담동 77-72,37.51961322,127.0496883
217,상아아파트 2동앞(학동로446),"정류소(버스, 택시 등)",서울 강남구 학동로 445,37.51909256,127.0496091
218,노브랜드 강남삼성점,도로변(횡단보도 포함),서울 강남구 삼성로 633,37.51629386,127.0511078
219,센트럴 아이파크 304동 앞,"정류소(버스, 택시 등)",서울 강남구 삼성로 629,37.51578641,127.0513192
220,BK타워,도로변(횡단보도 포함),서울 강남구 삼성로 547,37.51034965,127.0543738
221,삼성주유소,"정류소(버스, 택시 등)",서울 강남구 삼성로 563,37.51188486,127.053593
222,리칭,도로변(횡단보도 포함),서울 강남구 삼성로 520,37.5087063,127.0559201
223,홈플러스 익스프레스 삼성2점,"정류소(버스, 택시 등)",서울 강남구 삼성로 548,37.5106173,127.055031
224,강남구도시관리공단,"정류소(버스, 택시 등)",서울 강남구 삼성로 628,37.51591066,127.0521426
225,청담역6번 출구,지하철역 입구,서울 강남구 삼성동 52,37.5185913,127.0507368
226,청담역9번 출구,지하철역 입구,서울 강남구 청담동 76-4,37.51936319,127.0503294
227,아베뉴 주노,"정류소(버스, 택시 등)",서울 강남구 삼성로 740,37.52151067,127.0493968
228,토담골,"정류소(버스, 택시 등)",서울 강남구 삼성로 766,37.52326037,127.0482058
229,리버뷰오피스텔,"정류소(버스, 택시 등)",서울 강남구 영동대로 721,37.52220444,127.0553049
230,대신증권 청담WM센터,"정류소(버스, 택시 등)",서울 강남구 영동대로 707,37.5207073,127.0559457
231,청담역13번 출구,지하철역 입구,서울 강남구 청담동 77-4,37.52319948,127.0553539
232,청담역2번출구,지하철역 입구,서울 강남구 영동대로 647,37.51965028,127.0566188
233,동남철물,"정류소(버스, 택시 등)",서울 강남구 영동대로 613,37.51490246,127.0593499
234,무역센터 위 (공항버스정류장 인근),"정류소(버스, 택시 등)",서울 강남구 테헤란로 521,37.50919169,127.0608069
235,무역센터,도로변(횡단보도 포함),서울 강남구 영동대로 513,37.51182391,127.059159
236,인터콘티넨탈호텔,"정류소(버스, 택시 등)",서울 강남구 테헤란로 521,37.50919169,127.0608069
237,삼성역6번 출구,지하철역 입구,서울 강남구 삼성동 111-8,37.51446311,127.0600977
238,삼성역7번 출구,지하철역 입구,서울 강남구 삼성동 111-8,37.51446311,127.0600977
239,한국산업은행 강남지점,"정류소(버스, 택시 등)",서울 강남구 영동대로 421,37.50700127,127.0635321
240,한전앞,도로변(횡단보도 포함),서울 강남구 영동대로 512,37.51193015,127.0646402
241,GM대우,"정류소(버스, 택시 등)",서울 강남구 영동대로 340,37.50506456,127.0658301
242,청담역1번출구,지하철역 입구,서울 강남구 삼성동 111-8,37.51446311,127.0600977
243,청담역14번 출구,지하철역 입구,서울 강남구 청담동 77-4,37.52319948,127.0553539
244,우리은행 청담동금융센터,"정류소(버스, 택시 등)",서울 강남구 영동대로 708,37.52105731,127.0571374
245,국민은행 청담영동지점,도로변(횡단보도 포함),서울 강남구 영동대로 720,37.52218767,127.0564609
246,영동낙지(제일정형외과),"정류소(버스, 택시 등)",서울 강남구 영동대로 726,37.52282078,127.0561406
247,미켈란(삼성동 147-2),도로변(횡단보도 포함),서울 강남구 봉은사로 516,37.51323652,127.0559958
248,한국촌(삼성동 153-29),도로변(횡단보도 포함),서울시 강남구 테헤란로87길 57,37.5112868,127.0571911
249,심스빌딩,도로변(횡단보도 포함),서울 강남구 테헤란로87길 39,37.51033999,127.0576427
250,K타워(삼성동 158-23),도로변(횡단보도 포함),서울 강남구 테헤란로 513,37.50802541,127.0588878
251,세븐럭카지노,도로변(횡단보도 포함),서울 강남구 테헤란로87길 58,37.51201518,127.0575397
252,서울의료원,"정류소(버스, 택시 등)",서울 강남구 봉은사로114길 43,37.5130361,127.0666548
253,서울의료원,도로변(횡단보도 포함),서울 강남구 봉은사로114길 43,37.5130361,127.0666548
254,현대오트론,도로변(횡단보도 포함),서울 강남구 테헤란로113길 12,37.51129299,127.0665296
255,24길2번지 (버스정류장 ID:20-157),버스정류장 옆,서울 동작구 노량진로24길 2,37.51238829,126.9530502
256,248번지(노들지구대 앞),가로변,서울 동작구 노량진로 248,37.51240231,126.9536371
257,노들역 (버스정류장 ID:20-014),중앙차로 버스정류장,서울 동작구 노량진로 226,37.51249078,126.9509408
258,224번지(노량진우체국),가로변,서울 동작구 노량진로 224,37.51246533,126.9506359
259,노들역 (버스정류장 ID:20-013),중앙차로 버스정류장,서울 동작구 노량진로 212,37.51262307,126.9495107
260,동작구청앞 버스정류장 (버스정류장 ID:20-944),가로변,서울 동작구 국사봉길 42,37.49767976,126.9299796
261,191(사육신묘앞),가로변,서울 동작구 노량진로 191,37.51345799,126.9494111
262,16길 33번지,가로변,서울 동작구 노량진로 16길 33,37.51205898,126.9441735
263,223번지,가로변,서울 동작구 노량진로 223,37.51296888,126.950792
264,112번지(다이소 앞),가로변,서울 동작구 만양로 112,37.51333627,126.944421
265,노량진동 116-2(한성주창장앞),가로변,서울 동작구 만양로 112,37.51333627,126.944421
266,143-1번지,가로변,서울 동작구 장승배기로 143-1,37.51044817,126.9399431
267,102(나이스가이 헤어숍),가로변,서울 동작구 장승배기로 102,37.50673118,126.9399843
268,124번지,가로변,서울 동작구 노량진로 124,37.51327301,126.9396191
269,160(노량진초등학교 앞),가로변,서울 동작구 장승배기로 160,37.51175038,126.9408242
270,128번지(기업은행 앞),가로변,서울 동작구 장승배기로 128,37.50894894,126.9407441
271,노량진로 152-1(해박난치과),가로변,서울 동작구 노량진로 152-1,37.5134559,126.9428572
272,53길39번지 (버스정류장 ID:20-244),마을버스정류장 옆,서울 동작구 상도로53길 41,37.50084913,126.9535372
273,268번지,가로변,서울 동작구 양녕로 268,37.50349967,126.9488562
274,1길17 동양아파트 (버스정류장 ID:20-917),가로변,서울 동작구 서달로 61,37.49960807,126.9601642
275,봉현초등학교 (버스정류장 ID:20-167),버스정류장 옆,서울 관악구 성현로 117,37.49121654,126.9553519
276,383-1 번지,가로변,서울 동작구 상도로 383-1,37.49493655,126.9551866
277,357번지 (버스정류장 ID:20-165),가로변,서울 동작구 상도로 364-1,37.49607411,126.9534246
278,22번지 (버스정류장 ID:20-169),버스정류장 옆,서울 동작구 사당로 24-1,37.49507152,126.9571326
279,352번지,가로변,서울 동작구 상도로 352,37.49698948,126.9526144
280,267(상도역3번출구 옆),가로변,서울 동작구 상도로 267,37.50357997,126.9476864
281,6번지(백두공인중개사),가로변,서울 동작구 만양로 6,37.5049819,126.9467885
282,숭실대별관앞 (버스정류장 ID:20-172),버스정류장 옆,서울 동작구 서달로 4,37.49510214,126.9612432
283,134번지,가로변,서울 동작구 상도로 134,37.50202508,126.9347761
284,269-1번지,가로변,서울 동작구 양녕로 269-1,37.50403979,126.9487843
285,156번지,가로변,서울 동작구 상도로 156,37.50321477,126.936603
286,73번지(상도치안센타 옆),마을버스정류장 옆,서울 동작구 장승배기로 73,37.50416206,126.9391163
287,78번지,가로변,서울 동작구 장승배기로 78,37.50460583,126.9395109
288,147번지,가로변,서울 동작구 상도로 78,37.49954498,126.9291481
289,181번지,가로변,서울 동작구 상도로 181,37.50495795,126.9388305
290,동작보건소 (버스정류장 ID:20-153),버스정류장 옆,서울 동작구 상도로 207,37.50557126,126.9418563
291,경향렉스빌 (버스정류장 ID:20-222),마을버스정류장 옆,서울 동작구 양녕로 167,37.49703023,126.9419634
292,94번지(주작나무 한의원 앞),가로변,서울 동작구 상도로 94,37.49976294,126.9311525
293,104번지(왕세숫대야냉면),가로변,서울 동작구 보라매로 104,37.49843389,126.9283123
294,101번지(삼거리 왕만두),가로변,서울 동작구 보라매로 101,37.49832802,126.9278528
295,서울공업고등학교 (버스정류장 ID:20-144),버스정류장 옆,서울 동작구 상도로 5,37.50031185,126.9212173
296,16번지,가로변,서울 동작구 상도로 16,37.49971809,126.9223178
297,강남중학교 (버스정류장 ID: 20-006),버스 중앙차로,서울 동작구 여의대방로 188-1,37.50370277,126.9220128
298,22번지 우성아파트 (버스정류장 ID:20-927),마을버스정류장 옆,서울 동작구 여의대방로 8,37.49310363,126.9106015
299,교수아파트 (버스정류장 ID:20-928),버스정류장 옆,서울 동작구 여의대방로10길 14,37.49632776,126.9139635
300,2-5 (버스정류장 ID:20-207),마을버스정류장 옆,서울 동작구 신대방동 702-9,37.486855,126.9116057
301,6번지 (버스정류장 ID:20-107),가로변,서울 동작구 알마타길 6,37.50985709,126.9249542
302,동작상떼빌아파트 (버스정류장 ID:20-001),버스 중앙차로,서울 동작구 시흥대로 606,37.48649178,126.9055262
303,123번지(대방할인마트 앞),가로변,서울 동작구 등용로 123,37.5121047,126.9317236
304,현대아파트 (버스정류장 ID:20-007),버스중앙차로,서울 동작구 노량진로 48,37.51300948,126.9310925
305,현대아파트유한양행 (버스정류장 ID:20-008),버스중앙차로,서울 동작구 노량진로 53,37.51394028,126.9343584
306,40번지 (버스정류장 ID:20-593),마을버스정류장 옆,서울 동작구 등용로 40-2,37.50585079,126.9343589
307,15길 8-12(흑석역4번출구),지하철 9호선 옆,서울 동작구 흑석동 4,37.50850223,126.9640091
308,124번지(조선일보뉴지엄),가로변,서울 동작구 현충로 124,37.50629298,126.9671455
309,흑석동 효사정 앞 (버스정류장 ID:20-123),버스정류장 옆,서울 동작구 현충로2길 4,37.51147936,126.9604498
310,108번지,가로변,서울 동작구 현충로 108,37.50735772,126.9653423
311,동작실버센터입구 (버스정류장 ID:20-251),버스정류장 옆,서울특별시 동작구 현충로 4,37.51307286,126.9565574
312,4번지 효사정 앞 (버스정류장 ID:20-124),버스정류장 옆,서울 동작구 현충로2길 4,37.51147936,126.9604498
313,151번지 (버스정류장 ID:20-130),버스정류장 옆,서울 동작구 현충로 151,37.50677865,126.9689342
314,111번지 (버스정류장 ID:20-127), 버스정류장 옆,서울 동작구 현충로 105,37.50783722,126.9656085
315,158번지,가로변,서울 동작구 서달로 158,37.50706767,126.9623304
316,경문고등학교 (버스정류장 ID:22-031),중앙차로,서울 서초구 동작대로 156,37.49040771,126.9830322
317,경문고교 배나무골앞 (버스정류장 ID:20-017),중앙차로,서울 서초구 동작대로 164,37.49128782,126.9830588
318,171번지(경문고앞),가로변,서울 동작구 동작대로 171,37.49341886,126.9822734
319,정금마을 (버스정류장 ID:22-033),중앙차로,서울 서초구 동작대로 188,37.49330077,126.9830939
320,정금마을 방배경찰서 (버스정류장 ID:20-016),중앙차로,서울 강남구 강남대로 574,37.51310262,127.0208594
321,235번지 깨마을 (버스정류장 ID:20-015),버스 중앙차로,서울 동작구 동작대로 235,37.49774536,126.9831928
322,239번지,가로변,서울 동작구 동작대로 239,37.49816652,126.9833949
323,국립현충원( (버스정류장 ID:20-133),버스정류장 옆,서울 동작구 동작동 193,37.50177055,126.9765621
324,국립현충원( (버스정류장 ID:20-134),버스정류장 옆,서울 동작구 현충로 지하 220,37.503067,126.9779371
325,남성시장 (버스정류장 ID:20-018),버스중앙차로,서울 동작구 동작대로 135,37.48870348,126.98197
326,남성시장 (버스정류장 ID:22-029),버스중앙차로,서울 서초구 동광로12가길 42,37.48751839,126.9826007
327,101번지(다비치안경 앞),가로변,서울 동작구 동작대로 101,37.48566776,126.9816748
328,121번지(미샤 앞),가로변,서울 동작구 동작대로 121,37.48747989,126.9818602
329,23길2(세븐일레븐 앞),가로변,서울 동작구 사당로23길 2,37.48419216,126.9774055
330,사당시장 (버스정류장 ID:20-180),버스정류장 옆,서울 동작구 사당로 227,37.48375843,126.9731992
331,남성역 (버스정류장 ID:20-178),버스정류장 옆,서울 동작구 사당로13길 31,37.485803,126.9712548
332,300번지 (버스정류장 ID: 20-184),버스정류장 옆,서울 동작구 사당로 300,37.48437909,126.9802816
333,254번지 (버스정류장 ID:20-252),버스정류장 옆,서울특별시 동작구 사당로 258,37.4833506,126.9763821
334,138(사당지구대 앞),가로변,서울 동작구 사당로 138,37.4889591,126.9657026
335,19(한국전력 앞),지하철 옆,서울 동작구 동작대로 19,37.47830883,126.9809585
336,27번지(IBK기업은행 앞),가로변,서울 동작구 동작대로 27,37.47892328,126.9812457
337,67번지(더본병원 앞),가로변,서울 동작구 동작대로 67,37.48254699,126.9814807
338,방배노인복지관  (버스정류장 ID: 20-020),버스 중앙차로,서울 동작구 동작대로 43,37.480418,126.9814562
339,이수역 (버스정류장 ID:20-027),버스정류장 옆,서울 서초구 동작대로 68,37.48258227,126.9823422
340,사당동우체국앞 (버스정류장 ID:20-019),가로변,서울 동작구 동작대로 75,37.48337906,126.9814111
341,천수공원앞(사당역7번출구),가로변,서울 동작구 사당동 1043-16,37.47691663,126.9811547
342,2019번지,가로변,서울 동작구 남부순환로 2019,37.47624974,126.9729965
343,2069번지,가로변,서울 동작구 남부순환로 2069,37.4769346,126.9787779
344,106-5 번지,가로변,서울 동작구 흑석로 106-5,37.50789163,126.9614593
345,108(신한은행) (버스정류장 ID:20194),버스정류장 옆,서울 동작구 흑석로 108,37.50804485,126.9613439
346,114-5(올리브 영),가로변,서울 동작구 노량진로 114,37.51301138,126.9386122
347,만양로3길20 신동아리버파크,가로변,서울 동작구 만양로3길 20,37.50821071,126.9461189
348,노들역앞 정류장 (버스정류장 ID:20-247),버스정류장 옆,서울 동작구 노량진로 247,37.51453063,126.9524302
349,강남교회 앞 정류장 (버스정류장 ID:20-819),버스정류장 옆,서울 동작구 만양로 76,37.51032643,126.9451015
350,노량진역앞 7번출구,지하철역 앞,서울 동작구 노량진동 60-11,37.51358514,126.9409045
351,노량진로 223 (버스정류장 ID:20-121),가로변,서울 동작구 노량진로 225,37.51295292,126.9509895
352,사당로 285(이디야 커피숍 앞),가로변,서울 동작구 사당로 285,37.48464911,126.9791825
353,태평백화점 앞,가로변,서울특별시 동작구 동작대로 115,37.48687637,126.9816652
354,남부순환로 2057(다이소 앞),가로변,서울 동작구 남부순환로 2057,37.47693443,126.9773597
355,총신대 (버스정류장 ID:20-174),버스정류장 옆,서울 동작구 사당로 138,37.4889591,126.9657026
356,172번지(새마을금고 앞),가로변,서울 동작구 사당로 172,37.48649618,126.9678971
357,남성초등학교 (버스정류장 ID:20-496),버스정류장 옆,서울 동작구 사당로 261,37.48380753,126.9765731
358,194 (버스정류장 ID:20-600),버스정류장 옆,서울 동작구 사당로 192,37.48516816,126.9695229
359,대림로 14 (버스정류장 ID:20-208),버스정류장 옆,서울 동작구 대림로 12-1,37.48745978,126.9117698
360,등용로 96 (버스정류장 ID:20-106),버스정류장 옆,서울 동작구 여의대방로44길 10,37.50736122,126.9260908
361,658(올리브 영 앞),가로변,서울 동작구 시흥대로 658,37.49037497,126.9080767
362,126,가로변,서울 동작구 여의대방로 126,37.49813971,126.9205554
363,177번지 (버스정류장 ID:20-892),마을버스정류장 옆,서울 동작구 양녕로 177,37.49715225,126.9429326
364,상도로 357 (버스정류장 ID:20-166),버스정류장 옆,서울 동작구 상도로 357,37.49693976,126.9535408
365,중앙하이츠빌 아파트 (버스정류장 ID:20-162),버스정류장 옆,서울 동작구 상도동 462-1,37.49871991,126.9509585
366,상도시장 (버스정류장 ID:20-160),버스정류장 옆,서울 동작구 상도로 290,37.50168115,126.9486088
367,16-1번지,가로변,서울 동작구 장승배기로 16-1,37.5000022,126.9428848
368,"양재역 3,4번출구사이",도로변(횡단보도 포함),서울 강남구 도곡동 958-3,37.48460701,127.0350363
369,도곡동 949-3,도로변(횡단보도 포함),서울 강남구 강남대로 262,37.48696036,127.0334452
370,역삼동 837,도로변(횡단보도 포함),서울 강남구 강남대로 318,37.49156937,127.0311803
371,역삼동 826-22,"정류소(버스, 택시 등)",서울 강남구 강남대로 368,37.49572837,127.029258
372,강남역 2번출구 앞,지하철역 입구,서울 강남구 역삼동 825-13,37.49740798,127.0283489
373,강남역 1번출구 앞,지하철역 입구,서울 강남구 역삼동 804,37.50124939,127.0383316
374,역삼동 캠브리지빌딩 앞,정류소(버스 택시 등),서울 강남구 역삼동 825-18,37.4980842,127.0293892
375,역삼동 735,정류소(버스 택시 등),서울 강남구 역삼동 735,37.49926788,127.0330422
376,역삼역 3번출구 앞,지하철역 입구,서울 강남구 역삼동 736-6,37.49999466,127.0354154
377,역삼동 718-2,정류소(버스 택시 등) ,서울 강남구 역삼동 718-2,37.50110753,127.0390216
378,역삼동 706-1,정류소(버스 택시 등) ,서울 강남구 역삼동 706-1 정류소,37.50259159,127.0441024
379,역삼동 선릉역 4번출구 앞,정류소(버스 택시 등) ,서울 강남구 역삼1동,37.49541711,127.0332011
380,대치동 선릉역 1번출구 방면,정류소(버스 택시 등) ,서울 강남구 대치동 1011,37.50716295,127.0580205
381,대치동 890-6,도로변(횡단보도 포함),대치동 890-6 도로변,37.50485596,127.05154
382,대치동 945-2,정류소(버스 택시 등) ,대치동945-2 정류소,37.5079642,127.0616039
383,대치동 997-4,도로변(횡단보도 포함) ,대치동 997-4 도로변,37.50926546,127.0663826
384,대치동 998,정류소(버스 택시 등) ,대치동 998 정류소,37.50936668,127.0670999
385,삼성역 1번출구앞,도로변(횡단보도 포함) ,서울 강남구 대치동 995,37.50319041,127.0662506
386,테헤란로 432 DB금융센터빌딩,정류소(버스 택시 등),서울 강남구 테헤란로 432,37.50588064,127.0548106
387,대치동 892 포스코빌딩,정류소(버스 택시 등),대치동 892 포스코빌딩 정류소,37.50579045,127.0561532
388,대치동 892 포스코빌딩,도로변(횡단보도 포함),대치동 892 포스코빌딩 도로변,37.50579045,127.0561532
389,504 해성1빌딩,정류소(버스 택시 등),테헤란로 504 해성1빌딩 정류소,37.50662682,127.0573469
390,510 루첸타워,도로변(횡단보도 포함),테헤란로 510 루첸타워 정류소,37.50700154,127.0586561
391,대치동 961,도로변(횡단보도 포함),대치동 961 도로변,37.50302328,127.0591098
392,대치동 966-5,정류소(버스 택시 등),대치동 966-5 정류소,37.50397457,127.0624157
393,역삼동 개나리sk뷰아파트상가,정류소(버스 택시 등),역삼동 716-4,37.50054661,127.0503304
394,대치동 986-6,도로변(횡단보도 포함),대치동 986-6 도로변,37.50032159,127.064499
395,대치동 941-20,도로변(횡단보도 포함),대치동 941-20 도로변,37.498988,127.060071
396,대치동 939-21,도로변(횡단보도 포함),대치동 939-21 도로변,37.49781703,127.0564649
397,대치동 938-23,도로변(횡단보도 포함),대치동 938-23 도로변,37.4973175,127.0549678
398,대치동 1024-4,도로변(횡단보도 포함),대치동 1024-4 도로변,37.49700929,127.0562592
399,대치동 1022-1,도로변(횡단보도 포함),대치동 1022-1 도로변,37.49787661,127.058633
400,대치동 1021-8,도로변(횡단보도 포함),대치동 1021-8 도로변,37.49839458,127.0606444
401,대치동 989-1,도로변(횡단보도 포함),대치동 989-1 도로변,37.49881276,127.0616426
402,대치동 990-1,정류소(버스 택시 등),대치동 990-1 정류소,37.49941611,127.0634447
403,역삼동 한티역 7번출구 앞,정류소(버스 택시 등),서울 강남구 역삼2동,37.49596391,127.0468392
404,역삼동 785-15,도로변(횡단보도 포함),역삼동 785-15 도로변,37.49430687,127.045912
405,역삼동 788-32,정류소(버스 택시 등),역삼동 788-32 정류소,37.49300148,127.0417961
406,역삼동 799-21,정류소(버스 택시 등),역삼동 799-21 정류소,37.49195328,127.0385427
407,역삼동 839-17,정류소(버스 택시 등),역삼동 839-17 정류소,37.48965617,127.0334441
408,도곡동 943-2,정류소(버스 택시 등),도곡동 943-2 정류소,37.49037969,127.0328554
409,도곡동 545-7,정류소(버스 택시 등),도곡동 545-7 정류소,37.49145402,127.0388604
410,도곡동 543-5,정류소(버스 택시 등),도곡동 543-5 정류소,37.49246822,127.0424292
411,도곡동 래미안그레이트아파트,정류소(버스  택시 등),서울 강남구 역삼2동,37.49596391,127.0468392
412,대치동940-3 다이소매장앞,도로변(횡단보도 포함),대치동940-3 다이소매장앞,37.4985192,127.0577493
413,한티역3번출구앞,정류소(버스 택시 등),서울 강남구 대치1동,37.49326011,127.0568202
414,대치동 은마아파트 2동 앞,정류소(버스 택시 등),서울 강남구 대치2동 정류소,37.495808,127.067019
415,대치동 605,정류소(버스 택시 등),대치동 605 정류소,37.49402505,127.061344
416,대치동 629,정류소(버스 택시 등),대치동 629 정류소,37.49286252,127.058611
417,대치동 651,도로변(횡단보도 포함),대치동 651 도로변,37.49220809,127.0573811
418,도곡동 도곡역 2번출구,지하철역 입구,서울 강남구 대치동 600,37.49267607,127.0592122
419,대치동 그랑프리상가,정류소(버스 택시 등),서울 강남구 대치동 500,37.491219,127.056525
420,대치역 7번출구,정류소(버스 택시 등),대치역 7번출구 정류소,37.492549,127.064017
421,대치동 미도아파트 201동 앞,정류소(버스 택시 등),서울 강남구 삼성로 150 정류소,37.49569534,127.0685647
422,대치동 학여울역 1번출구 앞,지하철역 입구,서울 강남구 개포동 184-2 지하철역 입구,37.49217837,127.0723083
423,도곡동 숙명여고 앞,정류소(버스 택시 등),서울 강남구 언주로 117 도로변,37.48646618,127.0503961
424,도곡동 매봉역 2번출구 앞,지하철역 입구,서울 강남구 도곡동 179-2 앞,37.48699381,127.0466804
425,도곡동 180-13,정류소(버스 택시 등),도곡동 180-13 정류소,37.48638174,127.0448536
426,도곡동 411-20,정류소(버스 택시 등),도곡동 411-20 정류소,37.4859567,127.0454308
427,도곡동 463,도로변(횡단보도 포함),도곡동 463 도로변,37.48661729,127.0471095
428,도곡동 개포한신아파트 앞,정류소(버스 택시 등),서울 강남구 언주로 123 정류장,37.48760335,127.0497551
429,도곡역 4번출구 앞,도로변(횡단보도 포함),서울 강남구 언주로30길 57 도로변,37.48945731,127.0539647
430,개포1.2차 우성아파트 9동앞,도로변(횡단보도 포함),대치동 503 노인정 도로변,37.49112537,127.0598958
431,대치동 1009-5,도로변(횡단보도 포함),대치동 1009-5 도로변,37.5016419,127.0677665
432,대치동 1008-3,도로변(횡단보도 포함),대치동 1008-3 도로변,37.5030358,127.0670457
433,대치동 1007,정류소(버스 택시 등),대치동 1007 도로변,37.50457179,127.0661722
434,대치동 1001,정류소(버스  택시 등)   ,대치동 1001 도로변,37.50742923,127.0645587
435,대치동 995-9,정류소(버스 택시 등)   ,대치동 995-9 도로변,37.50794109,127.0642301
436,대치동 946-11,정류소(버스 택시 등)   ,대치동 946-11 도로변,37.50787912,127.0630213
437,대치동 947-7,정류소(버스 택시 등)   ,대치동 947-7 도로변,37.50705589,127.0634813
438,대치동 949-11,도로변(횡단보도 포함),대치동 949-11 도로변,37.50523216,127.0644985
439,대치동 984-4,정류소(버스 택시 등)   ,대치동 984-4 도로변,37.50181639,127.0663979
440,대치동 984-6,도로변(횡단보도 포함),대치동 984-6 도로변,37.50133862,127.0666567
441,대치동 50-8,도로변(횡단보도 포함),대치동 50-8 도로변,37.49715457,127.0704576
442,대치동 우성아파트,도로변(횡단보도 포함),대치동 50-45 도로변,37.4984178,127.0695148
443,대치동 993-2,도로변(횡단보도 포함),대치동 993-2 도로변,37.50048025,127.0670928
444,대치동 994-16,정류소(버스 택시 등)   ,대치동 994-16 정류소,37.49835689,127.0682934
445,대치동 은마아파트 정상어학원 앞,도로변(횡단보도 포함),대치동 994-4 도로변,37.49941156,127.067582
446,대치동 은마아파트 강남나무병원 앞,도로변(횡단보도 포함),대치동 994-5 도로변,37.49927807,127.0676734
447,대치동 994-8,도로변(횡단보도 포함),대치동 994-8 도로변,37.49870084,127.0680684
448,대치동 994-10 스타벅스 앞,도로변(횡단보도 포함),대치동 994-10 스타벅스 앞 도로변,37.49803664,127.0685043
449,은마아파트 1동앞,도로변(횡단보도 포함),대치동 316 도로변,37.497418,127.065327
450,대치동 1020,정류소(버스 택시 등)   ,대치동 1020 정류소,37.49838151,127.0615238
451,대치동 988-14,도로변(횡단보도 포함),대치동 988-14 도로변,37.49939021,127.0611268
452,대치동 974-1,정류소(버스 택시 등)   ,대치동 974-1 정류소,37.50084801,127.06013
453,대치동 962-21,도로변(횡단보도 포함),대치동 962-21 도로변,37.5015073,127.0599055
454,대치동 960-4,정류소(버스 택시 등)   ,대치동 960-4 정류소,37.50357205,127.0588073
455,대치동 957-13,도로변(횡단보도 포함),대치동 957-13 도로변,37.5053014,127.0578093
456,대치동 903-29,정류소(버스 택시 등)   ,대치동 903-29 정류소,37.50332246,127.058111
457,대치동 913-16,도로변(횡단보도 포함),대치동 913-16 도로변,37.50168942,127.058957
458,대치동 1019-14,정류소(버스 택시 등)   ,대치동 1019-14 정류소,37.49804738,127.060896
459,대치동 한티근린공원,정류소(버스 택시 등)   ,서울 강남구 삼성로 221 정류소,37.49670327,127.0617511
460,대치동 897,도로변(횡단보도 포함),대치동 897 도로변,37.5028887,127.0500832
461,대치동 889-33,도로변(횡단보도 포함),대치동 889-33 도로변,37.50388908,127.0494468
462,진선여고사거리,정류소(버스 택시 등)   ,역삼동 716 정류소,37.50243787,127.0493599
463,역삼동 대림e편한세상,정류소(버스 택시 등)   ,역삼동 755-4 앞 정류소,37.49877768,127.0498785
464,도곡동 106-1,도로변(횡단보도 포함),도곡동 106-1 도로변,37.49269798,127.0535223
465,도곡동 91,정류소(버스 택시 등)   ,도곡동 91 정류소,37.49102412,127.0530474
466,206 대치동부센트레빌 101동 앞,정류소(버스 택시 등)   ,서울 강남구 선릉로 206 동부센트레빌상가 122호 앞 정류소,37.49146442,127.0556417
467,역삼동 래미안그레이트아파트,정류소(버스 택시 등)   ,역삼동 762-3 앞 정류소,37.495165,127.0472446
468,대림역삼아파트 앞,정류소(버스 택시 등)   ,역삼2동 761-18 앞 정류소,37.49595515,127.0466571
469,역삼동 래미안개나리 103동 앞,도로변(횡단보도 포함),역삼동 754 앞 도로변,37.49857122,127.0464186
470,역삼동 역삼자이아파트103동 앞,정류소(버스 택시 등)   ,역삼동 711-3 앞 도로변,37.50044246,127.0444841
471,역삼동 도곡지구대,도로변(횡단보도 포함),역삼동 711 앞 도로변,37.50133276,127.0437177
472,역삼동 734-17,도로변(횡단보도 포함),역삼동 734-17 앞 도로변,37.49622062,127.0393969
473,역삼동 역삼역 1번출구,도로변(횡단보도 포함),역삼동 717 앞 도로변,37.50025539,127.0380869
474,일원동 712-1,정류소(버스 택시 등)   ,일원동 712-1 정류소,37.49217397,127.0878314
475,일원동 643-5,도로변(횡단보도 포함),일원동 643-5 도로변,37.49212007,127.0873689
476,대청역 3번출구 앞,도로변(횡단보도 포함),서울 강남구 일원동 700-6 도로변,37.49415453,127.0810754
477,대청역 6번출구 앞,도로변(횡단보도 포함),서울 강남구 일원동 700-5 앞 도로변,37.49342105,127.0787688
478,개포동 183,정류소(버스 택시 등)   ,개포동 183 정류소,37.49042593,127.0700298
479,개포동 개포주공 6단지,정류소(버스 택시 등)   ,개포동 185 정류소,37.48887629,127.0716677
480,개포동 182-1,정류소(버스 택시 등)   ,개포동 182-1 정류소,37.48978367,127.0682112
481,개포동 186,도로변(횡단보도 포함),개포동 186 도로변,37.48895996,127.0666539
482,개포동역 1번출구,정류소(버스 택시 등)   ,서울 강남구 개포동 180-2 정류소,37.48913163,127.065474
483,개포동 개포주공 1단지,도로변(횡단보도 포함),서울 강남구 개포동 141 정류소,37.47848937,127.0616144
484,개포동 655-3,도로변(횡단보도 포함),개포동 655-3 도로변,37.48112565,127.053243
485,개포동 달터공원,정류소(버스 택시 등)   ,개포동 156 정류소,37.48536355,127.0610555
486,개포동 개포지구대,도로변(횡단보도 포함),서울 강남구 개포로 261 정류소,37.47977839,127.0511676
487,개포동 1231-1,정류소(버스 택시 등)   ,개포동 1231-1 정류소,37.47846567,127.0473565
488,개포동 근린공원,도로변(횡단보도 포함),서울 강남구 개포동 182-1 정류소,37.48978367,127.0682112
489,개포동 1239-19,정류소(버스 택시 등)   ,개포동 1239-19 정류소,37.47856152,127.0450995
490,개포동 1246-2,도로변(횡단보도 포함),개포동 1246-2 도로변,37.47871248,127.0459322
491,개포동 대모산역 2번출구,정류소(버스 택시 등)   ,서울 강남구 영동대로 101 도로변,37.49156701,127.0718943
492,개포동 대모산역 7번출구,도로변(횡단보도 포함),서울 강남구 개포동 196 도로변,37.48876187,127.0739923
493,일원동 주공9단지,정류소(버스 택시 등)   ,서울 강남구 영동대로 16 정류소,37.48870179,127.0748317
494,일원동 613,도로변(횡단보도 포함),서울 강남구 개포로110길 21 도로변,37.49095703,127.077324
495,일원동 대모산역,도로변(횡단보도 포함),서울 강남구 개포로 지하 522 도로변,37.49154533,127.0731686
496,일원동 대치아파트,정류소(버스 택시 등)   ,서울 강남구 개포로 613 도로변,37.49255359,127.0751317
497,대치동 선경아파트,정류소(버스 택시 등)   ,서울 강남구 남부순환로 2936 정류소,37.49334891,127.0619166
498,개포동 개포동역 7번출구,정류소(버스 택시 등)   ,서울 강남구 개포로 416 정류소,37.48827901,127.0653137
499,개포동 152,정류소(버스 택시 등)   ,개포동 152 정류소,37.48671155,127.0659077
500,개포동 개포3단지,정류소(버스 택시 등)   ,서울 강남구 개포동 191 정류소,37.48320204,127.0705727
501,개포동 주공4단지,정류소(버스 택시 등)   ,개포동 186-16 정류소,37.48926605,127.0683598
502,개포동 주공5단지,정류소(버스 택시 등)   ,서울 강남구 개포2동 정류소,37.48982611,127.0691336
503,개포동 186-2,도로변(횡단보도 포함),개포동 186-2 도로변,37.48837594,127.0669545
504,대치동 미도아파트,정류소(버스 택시 등)   ,서울 강남구 삼성로 150 미도아파트 단지내상가 1층 173호 정류소,37.49569534,127.0685647
505,선경아파트 5동앞,도로변(횡단보도 포함),대치동 506 정류소,37.49212653,127.0625651
506,도곡동 타워팰리스 F동 앞,정류소(버스 택시 등)   ,서울 강남구 언주로30길 57,37.48945731,127.0539647
507,개포동 650 구룡중학교 앞,정류소(버스 택시 등)   ,서울 강남구 선릉로 103 정류소,37.48621294,127.0565075
508,개포동 주공1단지(3동 앞),정류소(버스 택시 등)   ,서울 강남구 개포동 141 정류소,37.47848937,127.0616144
509,개포동 래미안블레스티지 223동 앞,정류소(버스 택시 등)   ,서울 강남구 선릉로 8 223동 B3 앞 정류소,37.48005758,127.0641534
510,개포동 개포연금매장 앞,정류소(버스 택시 등)   ,서울 강남구 선릉로 32 앞 정류소,37.48269968,127.0609448
511,개포동 개포래미안포레스트 106동 앞,정류소(버스 택시 등)   ,서울 강남구 개포로 264 앞 정류소,37.47975035,127.0522282
512,도곡동 467-18,정류소(버스 택시 등)   ,도곡동 467-18 정류소,37.48708066,127.0510529
513,개포동 1194-6,정류소(버스 택시 등)   ,개포동 1194-6 정류소,37.47438609,127.048451
514,개포동 1229-4,정류소(버스 택시 등)   ,개포동 1229-4 정류소,37.47739219,127.0453473
515,도곡동 518-10,도로변(횡단보도 포함),도곡동 518-10 도로변,37.4824242,127.0430393
516,도곡동 459-4,도로변(횡단보도 포함),도곡동 459-4 도로변,37.48327817,127.0470561
517,일원동 현대아파트,정류소(버스 택시 등)   ,서울 강남구 일원동 614 정류소,37.49096812,127.0777194
518,일원동 대청역,정류소(버스 택시 등)   ,일원동 700-9 정류소,37.49365901,127.0795604
519,일원역 1번출구,정류소(버스 택시 등)   ,서울 강남구 일원동 717-1 정류소,37.48434979,127.083884
520,일원동 삼성의료원 정문,정류소(버스 택시 등)   ,일원동 50,37.4886623,127.0859824
521,일원동 617 영희초등학교,정류소(버스 택시 등)   ,서울 강남구 일원로3길 4 앞 정류장,37.49105058,127.081177
522,대청역 4번출구 중동고교,정류소(버스 택시 등)   ,서울 강남구 일원로 7,37.49371341,127.0806601
523,수서역 1번출구 엘리베이터 앞,정류소(버스 택시 등)   ,서울 강남구 밤고개로 99,37.48541865,127.1045603
524,수서동 수서동익아파트,정류소(버스 택시 등)   ,서울 강남구 광평로39길 3 앞 정류소,37.48576628,127.0972633
525,일원본동 일원역 3번출구,정류소(버스 택시 등)   ,서울 강남구 일원로 115 앞 정류소,37.4840224,127.0844597
526,일원본동 푸른마을아파트,정류소(버스 택시 등)   ,서울 강남구 광평로 63 정오빌딩,37.48286093,127.0796263
527,일원본동 731,정류소(버스 택시 등)   ,일원본동 731,37.48202022,127.0778494
528,일원본동 일원역 5번출구,정류소(버스 택시 등)   ,서울 강남구 일원동 733,37.48296293,127.0813428
529,수서동 724,정류소(버스 택시 등)   ,수서동 724 정류소,37.48732679,127.1031401
530,수서동 수서역,정류소(버스 택시 등)   ,서울 강남구 밤고개로 99 정류소,37.48541865,127.1045603
531,세곡동 주민센터,정류소(버스 택시 등)   ,서울 강남구 밤고개로 286 정류소,37.46904926,127.1069125
532,세곡동사거리,정류소(버스 택시 등)   ,서울 강남구 세곡동 128-2 정류소,37.46444944,127.1071966
533,세곡동 리엔파크 앞,도로변(횡단보도 포함),세곡동 516 도로변,37.46378014,127.1044098
534,세곡동 대왕초교 앞,도로변(횡단보도 포함),서울 강남구 세곡동 128-2 도로변,37.46444944,127.1071966
535,수서역 5번출구,정류소(버스 택시 등)   ,서울 강남구 수서동 724-4 정류소,37.48683009,127.1027025
536,수서동 삼익아파트 401동 앞,정류소(버스 택시 등)   ,서울 강남구 수서동 707-4 정류소,37.48984868,127.0992865
537,개포6단지,정류소(버스 택시 등)   ,서울 강남구 개포로 516 정류소,37.48914068,127.0708715
538,개포동 개포래미안포레스트 122동 앞,정류소(버스 택시 등)   ,서울 강남구 언주로7길 23 정류소,37.47707467,127.0554813
539,개포동 273 포이초등학교 앞,정류소(버스 택시 등)   ,서울 강남구 개포로22길 87 정류소,37.47581662,127.0520457
540,개포동 272 국악고등학교 앞,정류소(버스 택시 등)   ,서울 강남구 개포로22길 65 정류소,37.47623974,127.0512138
541,역삼동747-24,정류소(버스 택시 등)   ,역삼동747-24 정류소,37.49623887,127.0387016
542,LH푸르지오 201동 정류장,정류소(버스 택시 등)   ,서울 강남구 자곡로 21 정류소,37.46734665,127.0932645
543,세곡중학교 314주변 정류장,정류소(버스 택시 등)   ,서울 강남구 자곡로3길 22 정류소,37.46997142,127.0910205
544,세곡중학교건너편 공원앞 정류장,정류소(버스 택시 등)   ,서울 강남구 자곡동 627 정류소,37.47039032,127.0923986
545,래미안강남힐즈,정류소(버스 택시 등)   ,서울 강남구 자곡로 101 상가동 정류소,37.47265508,127.0958055
546,못골마을,정류소(버스 택시 등)   ,서울 강남구 자곡로 175 정류소,37.47427422,127.1026422
547,한양수자원아파트 건너편 23-393,정류소(버스 택시 등)   ,서울 강남구 밤고개로5길 46-13 정류소,37.47858843,127.1114094
548,한양수자원아파트 ,정류소(버스 택시 등)   ,서울 강남구 자곡로 260 정류소,37.47656344,127.1117521
549,대왕파출소 앞,정류소(버스 택시 등)   ,서울 강남구 헌릉로 623 정류소,37.46517604,127.1073624
550,수서역 SRT 안쪽,광장등 다중집합장소,서울 강남구 수서동 199-3 안쪽,37.48496691,127.1055458
551,세곡동 은곡마을 상업지구,정류소(버스 택시 등)   ,서울 강남구 헌릉로569길 18 정류소,37.46727426,127.0999298
552,리엔파크 구립행복요양병원 앞,정류소(버스 택시 등)   ,서울 강남구 헌릉로590길 60 정류소,37.46117663,127.1033226
553,휘문중 고등학교,정류소(버스 택시 등) ,서울 강남구 역삼로 541 정류소,37.50528945,127.0619939