구정빌딩,서울특별시 논현로 868 (개방화장실),37.52609,127.02889,화장실
중산빌딩,서울특별시 논현로 878 (개방화장실),37.52709,127.02895,화장실
백영신사빌딩,서울특별시 도산대로 307 (개방화장실),37.52228,127.0349,화장실
압구정주유소,서울특별시 언주로842 (개방화장실),37.52535,127.0338,화장실
한양주유소,서울특별시 압구정로 302 (개방화장실),37.52881,127.03416,화장실
반도상가,서울특별시 압구정로 306 (개방화장실),37.52886,127.03475,화장실
쌍봉빌딩,서울특별시 언주로 874 (개방화장실),37.52859,127.03413,화장실
씨네시티,서울특별시 도산대로 323 (개방화장실),37.5229,127.03702,화장실
한양타운,서울특별시 선릉로 823 (개방화장실),37.52564,127.03934,화장실
배강빌딩,서울특별시 선릉로 801 (개방화장실),37.52357,127.03883,화장실
현대상가 4동,서울특별시 압구정로29길 71 (개방화장실),37.5336,127.02833,화장실
현대상가 10차동,서울특별시 압구정로29길 69 (개방화장실),37.53109,127.02511,화장실
주구 1상가,서울특별시 압구정로29길 68 (개방화장실),37.53254,127.02919,화장실
주구 2상가,서울특별시 압구정로29길 68 (개방화장실),37.53153,127.02927,화장실
금강쇼핑센터,서울특별시 압구정로 201 (개방화장실),37.50158,127.03616,화장실
성지하이츠 3차 오피스텔,서울특별시 논현로 507 (개방화장실),37.50085,127.03568,화장실
성지하이츠 2차 오피스텔,서울특별시 테헤란로 147 (개방화장실),37.50744,127.03525,화장실
송산빌딩,서울특별시 봉은사로 210 (개방화장실),37.50273,127.03649,화장실
GS칼텍스 타워주유소,서울특별시 논현로 516 (개방화장실),37.502,127.03734,화장실
GS타워,서울특별시 논현로 508 (개방화장실),37.5047,127.04801,화장실
신도벤처타워,서울특별시 테헤란로 333 (개방화장실),37.50263,127.04501,화장실
㈜동산빌딩 대아빌딩점,서울특별시 테헤란로 44길 5 (개방화장실),37.49974,127.03496,화장실
아크플레이스(구 캐피탈타워),서울특별시 테헤란로 142 (개방화장실),37.49857,127.03503,화장실
LG 에클라트 오피스텔,서울특별시 테헤란로20길 19 (개방화장실),37.49765,127.03661,화장실
광택 선팅 전문,서울특별시 논현로79길 20 (개방화장실),37.49476,127.03521,화장실
우성빌딩,서울특별시 역삼로 145 (개방화장실),37.49955,127.02825,화장실
케이스퀘어강남,서울특별시 강남대로94길 11 (개방화장실),37.49729,127.03213,화장실
커피스미스빌딩,서울특별시 테헤란로8길 25 (개방화장실),37.49734,127.03269,화장실
감람교회,서울특별시 논현로85길 71 (개방화장실),37.49438,127.03508,화장실
서광주유소,서울특별시 역삼로 142 (개방화장실),37.49138,127.03251,화장실
강남역 서희스타힐스,서울특별시 도곡로3길 19 (개방화장실),37.49106,127.03265,화장실
르메이에르타운,서울특별시 도곡로3길 13 (개방화장실),37.50197,127.04427,화장실
한화진넥스빌,서울특별시 언주로86길 11 (개방화장실),37.50317,127.04794,화장실
선릉이스타빌,서울특별시 테헤란로52길 15 (개방화장실),37.48316,127.0604,화장실
오성빌딩,서울특별시 선릉로 38 (개방화장실),37.48459,127.04417,화장실
유창빌딩,서울특별시 강남구 논현로34길 26 (개방화장실),37.48933,127.04631,화장실
삼성아파트 상가,서울특별시 남부순환로379길 14 (개방화장실),37.48847,127.04873,화장실
SK리더스뷰,서울특별시 남부순환로 2763 (개방화장실),37.49224,127.04197,화장실
진달래 주유소,서울특별시 도곡로 208 (개방화장실),37.49198,127.04068,화장실
농협중앙회 도곡동지점,서울특별시 도곡로 194 (개방화장실),37.49145,127.03886,화장실
크리스빌딩(구한웰빌딩),서울특별시 도곡로 176 (개방화장실),37.49105,127.0377,화장실
선진주유소,서울특별시 도곡로 162 (개방화장실),37.49056,127.03578,화장실
진양까스,서울특별시 도곡로 142 (개방화장실),37.48938,127.0322,화장실
대신증권㈜,서울특별시 강남대로 292 (개방화장실),37.489,127.03242,화장실
부영빌딩,서울특별시 강남대로 286 (개방화장실),37.48793,127.03318,화장실
도곡푸르지오102동,서울특별시 강남대로54길 6 (개방화장실),37.48526,127.03443,화장실
양재SK허브프리모,서울특별시 강남대로240 (개방화장실),37.48519,127.03588,화장실
도곡스타클래스,서울특별시 남부순환로 2615 (개방화장실),37.48542,127.04332,화장실
현대오일뱅크 도곡셀프주유소,서울특별시 남부순환로 2718 (개방화장실),37.48336,127.04279,화장실
유진주유소,서울특별시 논현로 152 (개방화장실),37.49537,127.05272,화장실
도곡렉슬상가,서울특별시 선릉로 225 (개방화장실),37.49584,127.05274,화장실
진달래(아) 상가,서울특별시 선릉로 227 (개방화장실),37.51597,127.06522,화장실
미소빌딩,서울특별시 영동대로112길 61 (개방화장실),37.51039,127.0551,화장실
백영삼성빌딩,서울특별시 삼성로 546 (개방화장실),37.50991,127.05534,화장실
삼성동 업무시설,서울특별시 삼성로 538 (개방화장실),37.50748,127.05717,화장실
옥산빌딩,서울특별시 테헤란로 503 (개방화장실),37.51428,127.06215,화장실
광동한방병원,서울특별시 봉은사로 612 (개방화장실),37.50992,127.06512,화장실
현대삼성동주유소,서울특별시 테헤란로 619 (개방화장실),37.51015,127.06605,화장실
덕명빌딩,서울특별시 테헤란로 625 (개방화장실),37.51351,127.04287,화장실
예림빌딩,서울특별시 선릉로 638 (개방화장실),37.51124,127.04382,화장실
선진빌딩,서울특별시 선릉로 608 (개방화장실),37.51065,127.04401,화장실
삼릉빌딩,서울특별시 선릉로 602 (개방화장실),37.51102,127.04524,화장실
백영삼릉빌딩,서울특별시 봉은사로 413 (개방화장실),37.51259,127.05079,화장실
S-TOWER,서울특별시 봉은사로 469 (개방화장실),37.51348,127.05272,화장실
스타벅스,서울특별시 삼성로 605 (개방화장실),37.51237,127.05203,화장실
쌍용플래티넘,서울특별시 봉은사로 474 (개방화장실),37.51189,127.05359,화장실
GS칼텍스㈜삼성로점,서울특별시 삼성로 563 (개방화장실),37.5093,127.05357,화장실
삼성파크아파트,서울특별시 삼성로99길 14 (개방화장실),37.50602,127.049,화장실
덕우빌딩,서울특별시 선릉로94길 7 (개방화장실),37.48913,127.10481,화장실
수서파출소,서울특별시 강남구 밤고개로1길 48 (공중화장실),37.46518,127.10736,화장실
대왕파출소,서울특별시 강남구 헌릉로 623 (공중화장실),37.49413,127.07878,화장실
서울주택도시공사 본관화장실,서울특별시 강남구 개포로 621 (공중화장실),37.47253,127.1153,화장실
율현3공원,서울특별시 강남구 율현동 77-2 (공중화장실),37.50463,127.02503,화장실
신논현역,서울특별시 강남구 봉은사로 지하102 (공중화장실),37.50886,127.06307,화장실
삼성역(2),서울특별시 강남구 테헤란로 538 (공중화장실),37.5045,127.04894,화장실
선릉역(2),서울특별시 강남구 테헤란로 지하340 (공중화장실),37.50072,127.03662,화장실
역삼역(2),서울특별시 강남구 테헤란로 지하156 (공중화장실),37.49817,127.02831,화장실
강남역(2),서울특별시 강남구 강남대로 지하396 (공중화장실),37.52643,127.02848,화장실
압구정역(3),서울특별시 강남구 압구정로 지하172 (공중화장실),37.51643,127.02033,화장실
신사역(3),서울특별시 강남구 도산대로 지하102 (공중화장실),37.48696,127.04662,화장실
매봉역(3),서울특별시 강남구 남부순환로 지하2744 (공중화장실),37.49087,127.05532,화장실
도곡역(3),서울특별시 강남구 남부순환로 지하2814 (공중화장실),37.49456,127.06343,화장실
대치역(3),서울특별시 강남구 남부순환로 지하2952 (공중화장실),37.49672,127.07172,화장실
학여울역(3),서울특별시 강남구 남부순환로 지하3104 (공중화장실),37.49372,127.07949,화장실
대청역(3),서울특별시 강남구 일원로 지하2 (공중화장실),37.48407,127.08445,화장실
일원역(3),서울특별시 강남구 일원로 지하121 (공중화장실),37.48739,127.10186,화장실
수서역(3),서울특별시 강남구 광평로 지하270 (공중화장실),37.51944,127.05365,화장실
청담역(7),서울특별시 강남구 학동로 지하508 (공중화장실),37.51719,127.0413,화장실
강남구청역(7),서울특별시 강남구 학동로 지하346 (공중화장실),37.51421,127.03146,화장실
학동역(7),서울특별시 강남구 학동로 지하180 (공중화장실),37.50605,127.02399,화장실
논현역(7),서울특별시 강남구 강남대로 492-2 (공중화장실),37.49817,127.02831,화장실
논현역(7),서울특별시 강남구 강남대로 492-2 (공중화장실),37.49778,127.08248,화장실
강남역 지하상가1,서울특별시 강남대로 지하396 (공중화장실),37.50944,127.04195,화장실
강남역 지하상가2,서울특별시 강남대로 지하396 (공중화장실),37.48541,127.05471,화장실
마루공원 원형 화장실,서울특별시 강남구 개포로625 (공중화장실),37.48541,127.05471,화장실
마루공원 야외 화장실,서울특별시 강남구 개포로625 (공중화장실),37.48463,127.05609,화장실
에코파크 관리동 화장실,서울특별시 강남구 개포로625 (공중화장실),37.48328,127.05439,화장실
에코파크 야외 화장실,서울특별시 강남구 개포로625 (공중화장실),37.48914,127.07087,화장실
강남구비즈니스센터,서울특별시 봉은사로 320 (공중화장실),37.48869,127.06685,화장실
경남1차상가,서울특별시 언주로 110 (개방화장실),37.48876,127.06733,화장실
경남2차상가,서울특별시 언주로110 (개방화장실),37.48891,127.06663,화장실
개포우성3차(아) 상가,서울특별시 개포로 307 (개방화장실),37.48856,127.06744,화장실
현대1차아파트 상가,서울특별시 개포로303 (개방화장실),37.48875,127.06812,화장실
개포7단지상가,서울특별시 개포로 516 (개방화장실),37.48914,127.06752,화장실
개포빌딩,서울특별시 삼성로 38 (개방화장실),37.48359,127.05196,화장실
삼성빌딩,서울특별시 개포로 82길 7 (개방화장실),37.47679,127.05593,화장실
청송빌딩,서울특별시 삼성로 40 (개방화장실),37.47237,127.05171,화장실
삼우빌딩(개포5단지),서울특별시 개포로82길 11 (개방화장실),37.47532,127.0504,화장실
장우빌딩,서울특별시 개포로82길 13-11 (개방화장실),37.47621,127.04957,화장실
청우빌딩,서울특별시 개포로 506 (개방화장실),37.47874,127.04814,화장실
우성빌딩,서울특별시 언주로 107 (개방화장실),37.4792,127.04967,화장실
개포우성6차(아) 상가,서울특별시 언주로 3 (개방화장실),37.47921,127.04985,화장실
개포주유소,서울특별시 양재대로 339 (개방화장실),37.47954,127.05014,화장실
전남친환경유통센터빌딩,서울특별시 논현로10길 29 (개방화장실),37.47719,127.04805,화장실
연우빌딩,서울특별시 개포로22길46 (개방화장실),37.47853,127.04912,화장실
희영빌딩,서울특별시 개포로 232 (개방화장실),37.47846,127.04975,화장실
신영빌딩,서울특별시 개포로 249 (개방화장실),37.47773,127.04809,화장실
남강빌딩,서울특별시 개포로 251 (개방화장실),37.47822,127.04757,화장실
강남동산교회,서울특별시 개포로 257 (개방화장실),37.47858,127.05548,화장실
대가,서울특별시 개포로 20길 26 (개방화장실),37.51853,127.02824,화장실
밀란,서울특별시 개포로 28길 4 (개방화장실),37.5131,127.02086,화장실
리엔,서울특별시 개포로 28길 9 (개방화장실),37.51503,127.02303,화장실
영동올뱅이집,서울특별시 개포로 22길 16 (개방화장실),37.51448,127.02924,화장실
SP타이어,서울특별시 개포로 22길 8 (개방화장실),37.51143,127.02336,화장실
개포자이르네이마트,서울특별시 언주로7길6 (개방화장실),37.51052,127.02354,화장실
SK주유소,서울특별시 논현로 747 (개방화장실),37.51068,127.0246,화장실
전기공사공제조합,서울특별시 강남대로 574 (개방화장실),37.51221,127.02856,화장실
논현아파트 상가,서울특별시 강남대로146길 28 (개방화장실),37.51357,127.03054,화장실
늘사랑교회,서울특별시 강남대로146길 28 (개방화장실),37.51006,127.02296,화장실
서린빌딩,서울특별시 논현로131길12 (개방화장실),37.52031,127.03398,화장실
114빌딩(베스트프랜드㈜),서울특별시 학동로 114 (개방화장실),37.5193,127.03445,화장실
동화히스토리,서울특별시 학동로4길 15 (개방화장실),37.51679,127.03493,화장실
논현1호 주차장,서울특별시 학동로6길 19 (개방화장실),37.51938,127.0352,화장실
논현2호 주차장,서울특별시 학동로20길 13 (개방화장실),37.51322,127.0315,화장실
진우빌딩,서울특별시 논현로 667 (개방화장실),37.51279,127.03503,화장실
세일빌딩,서울특별시 학동로2길 19 (개방화장실),37.51074,127.03274,화장실
나누리병원,서울특별시 언주로 731 (개방화장실),37.50994,127.03668,화장실
보전빌딩,서울특별시 언주로 725 (개방화장실),37.50886,127.03778,화장실
송암빌딩,서울특별시 언주로 709 (개방화장실),37.51676,127.04084,화장실
두산빌딩,서울특별시 언주로 726 (개방화장실),37.51695,127.03717,화장실
헤리츠타워(컨벤션헤리츠),서울특별시 논현로 662 (개방화장실),37.49071,127.05614,화장실
마샬빌딩(강남지인병원),서울특별시 언주로631 (개방화장실),37.49316,127.063,화장실
SK힐탑 주유소,서울특별시 논현로 640 (개방화장실),37.49335,127.06192,화장실
팍스타워,서울특별시 언주로 609 (개방화장실),37.49365,127.06232,화장실
파크랜드빌딩,서울특별시 언주로 601 (개방화장실),37.49388,127.06295,화장실
SK 허브블루,서울특별시 학동로 342 (개방화장실),37.49629,127.0606,화장실
G빌딩(펀비어킹),서울특별시 언주로 134길 19 (개방화장실),37.49368,127.06036,화장실
그랑프리엔,서울특별시 남부순환로 2912 (개방화장실),37.49349,127.05977,화장실
선경상가,서울특별시 삼성로 151 (개방화장실),37.49317,127.05917,화장실
윈플러스상가,서울특별시 남부순환로 2936 (개방화장실),37.49294,127.05888,화장실
대치풍림빌딩,서울특별시 남부순환로 2942 (개방화장실),37.49275,127.05853,화장실
대치퍼스트빌딩,서울특별시 삼성로155 (개방화장실),37.49305,127.0583,화장실
카이로스빌딩,서울특별시 삼성로51길11 (개방화장실),37.49353,127.05656,화장실
대치클래시아,서울특별시 남부순환로 2927 (개방화장실),37.49218,127.05741,화장실
남서울종합시장,서울특별시 남부순환로2921 (개방화장실),37.49243,127.05796,화장실
청실종합상가,서울특별시 남부순환로 2917 (개방화장실),37.49664,127.05885,화장실
우일상가,서울특별시 남부순환로 2915 (개방화장실),37.49811,127.06001,화장실
동하빌딩,서울특별시 남부순환로 2913 (개방화장실),37.49662,127.05523,화장실
㈜동하개발 메디컬센터,서울특별시 남부순환로 397길 57 (개방화장실),37.49886,127.07137,화장실
성은교회,서울특별시 남부순환로391길 25 (개방화장실),37.49945,127.04467,화장실
여천빌딩,서울특별시 남부순환로 2909 (개방화장실),37.5008,127.04308,화장실
청우빌딩,서울특별시 남부순환로 2911 (개방화장실),37.50057,127.04238,화장실
대치삼성(아) 상가,서울특별시 도곡로78길 22 (개방화장실),37.49792,127.04297,화장실
강남메이저의원(구 미즈메디병원),서울특별시 도곡로 452 (개방화장실),37.49924,127.04842,화장실
D'mark빌딩,서울특별시 도곡로 408 (개방화장실),37.49589,127.04648,화장실
쌍용(아)종합 상가,서울특별시 영동대로 210 (개방화장실),37.49577,127.03963,화장실
역삼자이상가,서울특별시 언주로 408 (개방화장실),37.49489,127.04584,화장실
개나리 주유소,서울특별시 언주로 423 (개방화장실),37.49417,127.04551,화장실
경남상가,서울특별시 언주로85길 13 (개방화장실),37.49339,127.04304,화장실
대건빌딩 하나이비인후과,서울특별시 역삼로 245 (개방화장실),37.48483,127.0934,화장실
한솔필리아,서울특별시 역삼로 310 (개방화장실),37.48567,127.0899,화장실
강남프라자,서울특별시 언주로314 (개방화장실),37.48549,127.0866,화장실
정도빌딩,서울특별시 논현로 340 (개방화장실),37.48484,127.08978,화장실
매봉주유소,서울특별시 언주로 307 (개방화장실),37.48476,127.08088,화장실
명품주유소,서울특별시 도곡로 249 (개방화장실),37.48553,127.0848,화장실
윤화돈까스,서울특별시 도곡로221 (개방화장실),37.4852,127.08267,화장실
태화기독교사회복지관,서울특별시 광평로 185 (개방화장실),37.48263,127.07652,화장실
서울충신교회,서울특별시 광평로31길 40 (개방화장실),37.49521,127.08583,화장실
까치마을 상가,서울특별시 광평로19길 10 (개방화장실),37.49575,127.0751,화장실
수서삼성(아) 상가,서울특별시 광평로31길 27 (개방화장실),37.49419,127.07522,화장실
푸른마을 상가,서울특별시 일원로14길 25 (개방화장실),37.49434,127.07965,화장실
목련타운(아) 상가,서울특별시 광평로19길 15 (개방화장실),37.49421,127.07765,화장실
샘터상가,서울특별시 일원로 120 (개방화장실),37.49845,127.07757,화장실
한솔(아) 상가,서울특별시 광평로10길 6 (개방화장실),37.4977,127.07548,화장실
유성빌딩(대청카센터),서울특별시 개포로 140길 6 (개방화장실),37.51764,127.04167,화장실
석탑플라자,서울특별시 개포로 109길 9 (개방화장실),37.52019,127.05546,화장실
대치2단지상가,서울특별시 개포동 12 (개방화장실),37.52509,127.0513,화장실
대청타워,서울특별시 개포로 623 (개방화장실),37.52291,127.05649,화장실
대청프라자,서울특별시 개포로109길 34 (개방화장실),37.52048,127.05758,화장실
학여울주유소,서울특별시 남부순환로 3170 (개방화장실),37.52245,127.05762,화장실
남서울가스,서울특별시 남부순환로 3154 (개방화장실),37.46999,127.10948,화장실
금하빌딩,서울특별시 학동로 401 (개방화장실),37.47892,127.04678,화장실
에이치케이웨딩홀,서울특별시 학동로 519 (개방화장실),37.46657,127.09557,화장실
원앙빌딩(한국마사회강남지점),서울특별시 도산대로 529 (개방화장실),37.46921,127.09313,화장실
신한양상가,서울특별시 영동대로138길 9 (개방화장실),37.52109,127.05323,화장실
화천회관빌딩,서울특별시 영동대로 702 (개방화장실),37.4921,127.0882,화장실
삼익쇼핑,서울특별시 학동로101길 26 (개방화장실),37.49198,127.07317,화장실
세곡해오름근린공원,서울특별시 강남구 세곡동214 (공중화장실),37.49604,127.0758,화장실
포이근린공원(출발마당),서울특별시 강남구 개포동 1248 (공중화장실),37.48072,127.08076,화장실
세천근린공원,서울특별시 강남구 세곡동603 (공중화장실),37.48754,127.10542,화장실
세곡근린공원,서울특별시 강남구 세곡동 산50-15 (공중화장실),37.48019,127.08082,화장실
청담근린공원,서울특별시 강남구 청담동 66-3 (공중화장실),37.47846,127.07354,화장실
일원까치어린이공원,서울특별시 강남구 일원동 712-4 (공중화장실),37.47223,127.05978,화장실
예지어린이공원,서울특별시 강남구 개포동 12-7 (공중화장실),37.47252,127.06646,화장실
한마음어린이공원,서울특별시 강남구 개포동 12-3 (공중화장실),37.47482,127.06931,화장실
일원장미어린이공원,서울특별시 강남구 일원동 732-4 (공중화장실),37.47325,127.07122,화장실
수서개나리어린이공원,서울특별시 강남구 수서동723-1 (공중화장실),37.47379,127.07088,화장실
자연학습장,서울특별시 강남구 일원동 산56 (공중화장실),37.48539,127.07559,화장실
유아숲체험장,서울특별시 강남구 일원동 산52-13 (공중화장실),37.47932,127.07154,화장실
개암약수터,서울특별시 강남구 개포동 산53-40 (공중화장실),37.47755,127.07533,화장실
천의약수터,서울특별시 강남구 개포동 산 53-30 (공중화장실),37.47971,127.07956,화장실
대룡약수터,서울특별시 강남구 개포동 118-21 (공중화장실),37.48208,127.04768,화장실
구룡천약수터,서울특별시 강남구 개포동 산 53-28 (공중화장실),37.48427,127.05024,화장실
습지원약수터,서울특별시 강남구 개포동 산53-42 (공중화장실),37.48775,127.0589,화장실
옛1약수터,서울특별시 강남구 일원동 산52-13 (공중화장실),37.486,127.05431,화장실
용두천약수터,서울특별시 강남구 개포동 192 (공중화장실),37.49409,127.07185,화장실
옥수천약수터,서울특별시 강남구 개포동 산 53-32 (공중화장실),37.50044,127.07484,화장실
불국사둘레길,서울특별시 강남구 일원동 441 (공중화장실),37.50036,127.08086,화장실
대모산숲속야생화원,서울특별시 강남구 일원동 246-13 (공중화장실),37.50172,127.07146,화장실
양재천(영동2교),서울특별시 강남구 개포동1279 (공중화장실),37.49268,127.09959,화장실
양재천(밀리미교),서울특별시 강남구 도곡동 468 (공중화장실),37.47254,127.11915,화장실
양재천(영동3교),서울특별시 강남구 개포동175 (공중화장실),37.46212,127.11704,화장실
양재천(영동4교),서울특별시 강남구 개포동648-2 (공중화장실),37.46595,127.10035,화장실
양재천(영동6교),서울특별시 강남구 대치동805 (공중화장실),37.46228,127.1046,화장실
탄천양재천방문자센터,서울특별시 강남구 대치동3-3 (공중화장실),37.50304,127.05413,화장실
탄천(탄천1교),서울특별시 강남구 일원동580-3 (공중화장실),37.50979,127.04322,화장실
탄천(탄천2교),서울특별시 강남구 대치동78-28 (공중화장실),37.49454,127.04183,화장실
탄천(광평교),서울특별시 강남구 수서동329-34 (공중화장실),37.505,127.05191,화장실
탄천(대곡교),서울특별시 강남구 율현동94 (공중화장실),37.48812,127.10307,화장실
세곡천(세곡3교),서울특별시 강남구 세곡동54 (공중화장실),37.49915,127.0431,화장실
세곡천(세곡1교),서울특별시 강남구 세곡동618 (공중화장실),37.5145,127.04098,화장실
세곡천(세곡5교),서울특별시 강남구 세곡동526-2 (공중화장실),37.50397,127.04291,화장실
대치노인복지센터,서울특별시 강남구 역삼로69길 22 (공중화장실),37.50326,127.03538,화장실
강남시니어플라자 공중화장실,서울특별시 강남구 봉은사로 332 (공중화장실),37.49976,127.07866,화장실
역삼노인복지센터,서울특별시 강남구 도곡로27길 27 (공중화장실),37.5088,127.06645,화장실
한국마사회 선릉지사,서울특별시 강남구 테헤란로 416 (공중화장실),37.51797,127.04706,화장실
에스알,서울특별시 강남구 광평로 281 (공중화장실),37.51591,127.05214,화장실
한국부동산원,서울특별시 강남구 언주로79길13 (공중화장실),37.49389,127.06427,화장실
한국토지주택공사,서울특별시 강남구 선릉로121길12 (공중화장실),37.51632,127.04232,화장실
공무원연금관리공단,서울특별시 강남구 언주로 508 (공중화장실),37.47882,127.05166,화장실
한국콘텐츠진흥원,서울특별시 강남구 논현로 525 (공중화장실),37.48338,127.08648,화장실
한국가스안전공사,서울특별시 강남구 남부순환로 3183 (공중화장실),37.4889,127.10499,화장실
한국에너지기술평가원,서울특별시 강남구 테헤란로 114길14 (공중화장실),37.50937,127.0671,화장실
강남구청,서울특별시 강남구 학동로 426 (공중화장실),37.50832,127.04102,화장실
삼성로별관,서울특별시 강남구 삼성로 628 (공중화장실),37.51387,127.02932,화장실
강남구민회관,서울특별시 강남구 삼성로 154 (공중화장실),37.5152,127.03385,화장실
강남구보건소,서울특별시 강남구 선릉로 668 (공중화장실),37.51491,127.06055,화장실
개포4동주민센터,서울특별시 강남구 개포로38길 12 (공중화장실),37.51129,127.04808,화장실
일원본동주민센터,서울특별시 강남구 광평로 126 (공중화장실),37.5208,127.05428,화장실
수서동주민센터,서울특별시 강남구 광평로 301-4 (공중화장실),37.51837,127.02413,화장실
강남 경찰서,서울특별시 강남구 테헤란로 114길11 (공중화장실),37.52935,127.03561,화장실
역삼지구대,서울특별시 강남구 언주로 108길20 (공중화장실),37.49355,127.07714,화장실
논현1파출소,서울특별시 강남구 학동로169 (공중화장실),37.49196,127.0571,화장실
논현2파출소,서울특별시 강남구 학동로227 (공중화장실),37.50133,127.04372,화장실
삼성1파출소,서울특별시 강남구 영동대로112길 4 (공중화장실),37.47978,127.05117,화장실
삼성2파출소,서울특별시 강남구 봉은사로 440 (공중화장실),37.49242,127.08337,화장실
청담파출소,서울특별시 강남구 학동로95길19 (공중화장실),37.46525,127.1101,화장실
신사파출소,서울특별시 강남구 도산대로 143 (공중화장실),37.4651,127.10718,화장실
압구정 파출소,서울특별시 강남구 압구정로 311 (공중화장실),37.53062,127.03065,화장실
수서경찰서,서울특별시 강남구 개포로617 (공중화장실),37.50863,127.06742,화장실
대치지구대,서울특별시 강남구 남부순환로 2907 (공중화장실),37.49215,127.07368,화장실
도곡지구대,서울특별시 강남구 언주로426 (공중화장실),37.48343,127.04708,화장실
개포파출소,서울특별시 강남구 개포로261 (공중화장실),37.47712,127.05189,화장실
일원파출소,서울특별시 강남구 일원로3길 35 (공중화장실),37.489,127.10528,화장실
세곡동공중화장실(기존),서울특별시 강남구 헌릉로 649 (공중화장실),37.47331,127.09973,화장실
세곡동공중화장실(신설),서울특별시 강남구 헌릉로 621 (공중화장실),37.51697,127.02271,화장실
압구정동주민센터,서울특별시 강남구 압구정로33길 48 (공중화장실),37.49829,127.0301,화장실
강남운전면허시험장,서울특별시 강남구 테헤란로114길 23 (공중화장실),37.52354,127.03817,화장실
일원2동주민센터,서울특별시 강남구 개포로 607 (공중화장실),37.48614,127.04242,화장실
강남수도사업소,서울특별시 강남구 양재천로 199 (공중화장실),37.5191,127.04644,화장실
강남구민체육관,서울특별시 강남구 개포로28길 47 (공중화장실),37.5273,127.03576,화장실
강남스포츠문화센터,서울특별시 강남구 밤고개로1길 52 (공중화장실),37.49996,127.06698,화장실
못골한옥어린이도서관화장실,서울특별시 강남구 자곡로 7길 3 (공중화장실),37.50849,127.02622,화장실
국민연금공단,서울특별시 강남구 도산대로 128 (공중화장실),37.51031,127.04638,화장실
삼성세무서,"서울특별시 강남구 테헤란로 114, 5층,6층 (공중화장실)",37.47582,127.05205,화장실
압구정노인복지센터,서울특별시 강남구 도산대로53길 5 (공중화장실),37.48632,127.03679,화장실
매봉산 실내배드민턴장,서울특별시 강남구 남부순환로 2711 (공중화장실),37.49951,127.05447,화장실
청담평생학습관,서울특별시 강남구 학동로 67길 11 (공중화장실),37.49492,127.07932,화장실
압구정평생학습관,서울특별시 강남구 언주로 172길 26 (공중화장실),37.49315,127.08777,화장실
대치평생학습관,서울특별시 강남구 영동대로 57길 7 (공중화장실),37.50496,127.0682,화장실
논현초교 공영노외주차장,서울특별시 강남대로120길 33 (공중화장실),37.52835,127.03264,화장실
강남웰에이징센터 공영노외주차장,서울특별시 선릉로108길 27 (공중화장실),37.51028,127.06683,화장실
포이초교 공영노외주차장,서울특별시 개포로22길87 (공중화장실),37.52214,127.03693,화장실
언주초교 공영노외주차장,서울특별시 남부순환로363길 19 (공중화장실),37.49713,127.04245,화장실
도곡초교 공영노외주차장,서울특별시 선릉로64길 33 (공중화장실),37.48493,127.09284,화장실
대청역 공영노외주차장,서울특별시 개포로623-1 (공중화장실),37.4747,127.0499,화장실
탄천2호 공영노외주차장,서울특별시 양재대로55길 28 (공중화장실),37.47044,127.1072,화장실
탄천공영주차장(5번입구 제방위),서울특별시 강남구 역삼로107길 20-28 (공중화장실),37.49358,127.07807,화장실
탄천주차장,서울특별시 강남구 역삼로107길 20-28 (공중화장실),37.51407,127.03253,화장실
견인보관소,서울특별시 강남구 역삼로107길 20-28 (공중화장실),37.51207,127.02609,화장실
국민건강보험공단 강남북부지사,서울특별시 강남구 압구정로 38길 7 (공중화장실),37.48698,127.10695,화장실
강남소방서,서울특별시 강남구 테헤란로 629 (공중화장실),37.49198,127.07347,화장실
영동119안전센터,서울특별시 강남구 도산대로 320 (공중화장실),37.52684,127.02706,화장실
역삼119안전센터,서울특별시 강남구 역삼로 236 (공중화장실),37.52397,127.0228,화장실
수서119안전센터,서울특별시 강남구 광평로31길 6 (공중화장실),37.51728,127.0372,화장실
개포119안전센터,서울특별시 강남구 논현로10길 19 (공중화장실),37.49325,127.05678,화장실
세곡119안전센터,서울특별시 강남구 밤고개로 268 (공중화장실),37.49973,127.05785,화장실
강남우체국,서울특별시 강남구 개포로 619 (공중화장실),37.49537,127.03328,화장실
논현동우체국,서울특별시 강남구 학동로 212 (공중화장실),37.49597,127.04682,화장실
논현노인종합복지관,서울특별시 강남구 강남대로128길 59 (공중화장실),37.4715,127.0945,화장실
미미위강남세움센터,서울특별시 강남구 광평로60길 22 (공중화장실),37.4965,127.03203,화장실
강남장애인복지관,서울특별시 강남구 개포로 605 (공중화장실),37.48414,127.06535,화장실
강남관광정보센터,서울특별시 강남구 압구정로 161 (공중화장실),37.49568,127.07191,화장실
신사문화센터,서울특별시 강남구 압구정로 128 (공중화장실),37.49186,127.08803,화장실
논현2문화센터,서울특별시 강남구 학동로 43길 17 (공중화장실),37.49027,127.04621,화장실
대치1문화센터,서울특별시 강남구 남부순환로 391길 19 (공중화장실),37.49098,127.04377,화장실
대치4문화센터,서울특별시 강남구 도곡로 77길 23 (공중화장실),37.48261,127.06613,화장실
역삼1문화센터,서울특별시 강남구 역삼로 7길 16 (공중화장실),37.51549,127.0252,화장실
역삼2문화센터,서울특별시 강남구 도곡로 43길 25 (공중화장실),37.49759,127.03627,화장실
자곡문화센터,서울특별시 강남구 자곡로 100 (공중화장실),37.52439,127.03512,화장실
푸른솔도서관,서울특별시 강남구 테헤란로 8길 36 (공중화장실),37.48957,127.05716,화장실
힐링센터(개포),서울특별시 강남구 삼성로 3길 39 (공중화장실),37.49258,127.08265,화장실
세텍,서울특별시 강남구 남부순환로 3104 (공중화장실),37.49558,127.0786,화장실
일원1동주민센터,서울특별시 강남구 양재대로55길 14 (공중화장실),37.48099,127.07808,화장실
도곡근린공원 화장실,서울특별시 도곡동 산31-3 (공중화장실),37.48971,127.06829,화장실
도곡근린공원화장실,서울특별시 도곡동 산179-3 (공중화장실),37.49,127.07745,화장실
개포근린공원,서울특별시 강남구 개포동 139 (공중화장실),37.48742,127.10632,화장실
학동근린공원,서울특별시 강남구 논현동 26 (공중화장실),37.52672,127.02148,화장실
역삼근린공원화장실,서울특별시 강남구 논현로79길 24 (공중화장실),37.49962,127.06592,화장실
도산근린공원,서울특별시 강남구 신사동 649-9 (공중화장실),37.4957,127.06857,화장실
늘벗근린공원,서울특별시 강남구 대치동501 (공중화장실),37.5066,127.05867,화장실
대청근린공원,서울특별시 강남구 일원동621 (공중화장실),37.50609,127.05894,화장실
대진근린공원,서울특별시 강남구 개포동 13-1 (공중화장실),37.50684,127.05946,화장실
한솔근린공원,서울특별시 강남구 일원동 732 (공중화장실),37.50656,127.05972,화장실
학여울근린공원화장실,서울특별시 개포로 509 (공중화장실),37.50743,127.05976,화장실
늘푸린근린공원,서울특별시 강남구 일원동690 (공중화장실),37.50759,127.06058,화장실
탄천근린공원,서울특별시 강남구 수서동722 (공중화장실),37.50791,127.06134,화장실
신사근린공원,서울특별시 강남구 압구정동422 (공중화장실),37.50703,127.06168,화장실
은마종합상가,서울특별시 삼성로 212 (개방화장실),37.50804,127.0628,화장실
은마종합상가 편의동,서울특별시 삼성로 212 (개방화장실),37.50764,127.06315,화장실
극동교회,서울특별시 삼성로 150 (개방화장실),37.50524,127.06435,화장실
미도종합상가,서울특별시 삼성로 150 (개방화장실),37.50673,127.06239,화장실
양지빌딩,서울특별시 테헤란로84길 9 (개방화장실),37.50296,127.0598,화장실
영광빌딩,서울특별시 테헤란로84길 17 (개방화장실),37.50398,127.06234,화장실
메트로칸 오피스텔,서울특별시 테헤란로88길 10 (개방화장실),37.5011,127.06446,화장실
신도빌딩,서울특별시 테헤란로88길 14 (개방화장실),37.49974,127.06187,화장실
삼흥2빌딩,서울특별시 테헤란로 514 (개방화장실),37.49918,127.06299,화장실
섬유센터,서울특별시 테헤란로 518 (개방화장실),37.49956,127.0639,화장실
홍우빌딩,서울특별시 테헤란로 522 (개방화장실),37.50029,127.06654,화장실
대치3차 아이파크,서울특별시 영동대로85길 20 (개방화장실),37.50005,127.06718,화장실
글라스타워,서울특별시 테헤란로 534 (개방화장실),37.50658,127.06533,화장실
세아빌딩,서울특별시 영동대로 429 (개방화장실),37.50712,127.06699,화장실
기아오토큐 대치점,서울특별시 역삼로 559 (개방화장실),37.50268,127.06716,화장실
대한민국,서울특별시 영동대로85길17-5 (개방화장실),37.50335,127.04988,화장실
대치동교회,서울특별시 역삼로84길 8 (개방화장실),37.5051,127.05222,화장실
신사에스엔지(구 신사제2빌딩),서울특별시 역삼로 542 (개방화장실),37.50515,127.05256,화장실
동성빌딩 강산애,서울특별시 삼성로64길 51 (개방화장실),37.5044,127.0533,화장실
서울베다니 교회,서울특별시 삼성로62길 14 (개방화장실),37.50582,127.05613,화장실
삼성상가,서울특별시 도곡로 516 (개방화장실),37.5046,127.05619,화장실
명가원,서울특별시 도곡로526 (개방화장실),37.50456,127.05523,화장실
천주교 서울대교구 대치2동성당,서울특별시 도곡로 540 (개방화장실),37.50143,127.05907,화장실
은마 주유소,서울특별시 영동대로 235 (개방화장실),37.5056,127.04916,화장실
코스모타워(KT&G),서울특별시 영동대로 416 (개방화장실),37.50539,127.05011,화장실
동일타워,서울특별시 테헤란로114길 38 (개방화장실),37.50536,127.05039,화장실
새마을운동중앙회,서울특별시 영동대로 316 (개방화장실),37.50549,127.05086,화장실
세한889타워,서울특별시 선릉로 428 (개방화장실),37.50587,127.05218,화장실
다봉타워빌딩,서울특별시 테헤란로 418 (개방화장실),37.50622,127.05306,화장실
메이플빌딩,서울특별시 테헤란로 420 (개방화장실),37.50769,127.05498,화장실
㈜동산빌딩 동산빌딩점,서울특별시 테헤란로 70길 16 (개방화장실),37.50799,127.05522,화장실
포스코,서울특별시 테헤란로 440 (개방화장실),37.50732,127.05563,화장실
롯데캐슬상가,서울특별시 삼성로85길 11 (개방화장실),37.46728,127.11901,화장실
충무성결교회,서울특별시 삼성로85길 25 (개방화장실),37.46656,127.11907,화장실
센트럴 주유소,서울특별시 삼성로 335 (개방화장실),37.46727,127.11874,화장실
성원타워,서울특별시 선릉로 514 (개방화장실),37.46595,127.10904,화장실
이케이타워,서울특별시 테헤란로 407 (개방화장실),37.46642,127.10915,화장실
동신빌딩,서울특별시 테헤란로 409 (개방화장실),37.46765,127.09875,화장실
성담빌딩,서울특별시 테헤란로 411 (개방화장실),37.46318,127.10296,화장실
삼성금융플라자,서울특별시 테헤란로 419 (개방화장실),37.46647,127.0978,화장실
현대타워,서울특별시 테헤란로 423 (개방화장실),37.475,127.10687,화장실
송현빌딩,서울특별시 테헤란로79길 13 (개방화장실),37.47475,127.10703,화장실
채널리저브,서울특별시 삼성로 517 (개방화장실),37.48353,127.10401,화장실
제이에스타워,서울특별시 테헤란로79길 6 (개방화장실),37.47649,127.10534,화장실
㈜광연자동차 운전전문학원,서울특별시 헌릉로733 (개방화장실),37.47487,127.10358,화장실
GS칼텍스㈜산성주유소,서울특별시 헌릉로 730 (개방화장실),37.47447,127.10397,화장실
세곡주유소,서울특별시 헌릉로 731 (개방화장실),37.48403,127.09499,화장실
강남제일교회,서울특별시 헌릉로637길 12 (개방화장실),37.48802,127.10185,화장실
송파농협 세곡동지점,서울특별시 헌릉로 637길 22 (개방화장실),37.48856,127.10447,화장실
엔젤리안,서울특별시 헌릉로571길 56-1 (개방화장실),37.48577,127.09726,화장실
세곡해성빌딩,서울특별시 헌릉로570길 30 (개방화장실),37.51686,127.0198,화장실
위시존 강남점,서울특별시 헌릉로569길 39-5 (개방화장실),37.52289,127.0206,화장실
방죽주유소,서울특별시 밤고개로 215 (개방화장실),37.51825,127.02371,화장실
강남블루지움,서울특별시 밤고개로 219 (개방화장실),37.51887,127.02523,화장실
자곡주유소,서울특별시 밤고개로 120 (개방화장실),37.52557,127.02605,화장실
강남복지충전소,서울특별시 밤고개로 200 (개방화장실),37.52583,127.02653,화장실
강남푸르지오시티1차,서울특별시 자곡로 191 (개방화장실),37.52474,127.01964,화장실
강남푸르지오시티2차,서울특별시 자곡로 192 (개방화장실),37.52404,127.02873,화장실
주)중앙에너비스수서지점,서울특별시 광평로 202 (개방화장실),37.52532,127.02887,화장실
수서현대벤처빌,서울특별시 밤고개로1길 10 (개방화장실),37.50272,126.94083,화장실
사이룩스오피스텔(동관동),서울특별시 광평로 295 (개방화장실),37.51253,126.93994,화장실
사이룩스오피스텔(서관동),서울특별시 광평로 295 (개방화장실),37.51453,126.95243,화장실
동익아파트 상가,서울특별시 광평로39길 3 (개방화장실),37.47914,126.98135,화장실
신사미타워,서울특별시 강남대로 616 (개방화장실),37.51341,126.94396,화장실
덕산빌딩,서울특별시 압구정로 108 (개방화장실),37.49347,126.95644,화장실
제이타워,서울특별시 도산대로 139 (개방화장실),37.48312,126.98153,화장실
안테룸 호텔,서울특별시 도산대로 153 (개방화장실),37.50507,126.9438,화장실
극동스포츠빌딩,서울특별시 압구정로 152 (개방화장실),37.50686,126.96816,화장실
㈜새서울석유,서울특별시 압구정로 154 (개방화장실),37.5123,126.94199,화장실
미성(아)상가,서울특별시 압구정로 113-22 (개방화장실),37.50852,126.93736,화장실
압구정빌딩,서울특별시 논현로 842 (개방화장실),37.4981,126.95308,화장실
ANDAZ(지하층),서울특별시 논현로 854 (개방화장실),37.50547,126.9423,화장실
동작관악교육지원청,서울특별시 동작구 장승배기로10가길 35 (개방화장실),37.49913,126.9314,화장실
동작구의회,서울특별시 동작구 장승배기로 161 (공중화장실),37.49938,126.9414,화장실
간이화장실_노들나루공원,서울특별시 동작구 노량진로 247 (공중화장실),37.50578,126.96659,화장실
노들나루공원,서울특별시 동작구 노량진로 247 (공중화장실),37.48307,126.97877,화장실
"간이화장실_현충근린공원(동작동,정금)",서울특별시 동작구 동작대로 29 (공중화장실),37.48871,126.97925,화장실
"간이화장실_현충근린공원(사당동,상록)",서울특별시 동작구 동작대로 29 (공중화장실),37.48451,126.97348,화장실
한주실업빌딩(이그잼),서울 동작구 노량진로 162 (개방화장실),37.48098,126.97163,화장실
현대오일뱅크동작주유소,서울 동작구 상도로 403 (개방화장실),37.48566,126.96698,화장실
현대오일뱅크사당셀프주유소개방화장실,서울 동작구 동작대로 73 (개방화장실),37.50815,126.92632,화장실
현대자동차정비,서울 동작구 상도로 226 (개방화장실),37.48895,126.91004,화장실
블루스톤스포츠,서울시 동작구 현충로 131 (개방화장실),37.49841,126.92454,화장실
노량진1동주민센터,서울특별시 동작구 장승배기로28길30 (공중화장실),37.48838,126.97759,화장실
노량진2동 주민센터,서울특별시 동작구 장승배기로19길 48 (공중화장실),37.47889,126.97324,화장실
상도1동 주민센터,서울특별시 동작구 상도로53길 9 (공중화장실),37.50921,126.94343,화장실
상도2동주민센터,서울특별시 동작구 상도로 211 (공중화장실),37.50303,126.92522,화장실
상도3동 주민센터,서울특별시 동작구 성대로2길 11 (공중화장실),37.50571,126.93342,화장실
상도4동주민센터,서울특별시 동작구 양녕로27길 44 (공중화장실),37.51053,126.95689,화장실
흑석동 주민센터,서울특별시 동작구 흑석한강로 11 (공중화장실),37.50993,126.93043,화장실
사당1동 주민센터,서울특별시 동작구 동작대로17길 28 (공중화장실),37.49312,126.97688,화장실
사당2동 주민센터,서울특별시 동작구 동작대로29길 52 (공중화장실),37.48327,126.97145,화장실
사당3동 주민센터(임시청사),서울특별시 동작구 사당로17길 31 (공중화장실),37.5025,126.94966,화장실
사당4동 주민센터,서울특별시 동작구 사당로16아길 6 (공중화장실),37.49798,126.922,화장실
사당5동 주민센터,서울특별시 동작구 사당로2가길 219 (공중화장실),37.49243,126.93698,화장실
대방동주민센터,서울특별시 동작구 여의대방로44길 20 (공중화장실),37.4981,126.93841,화장실
신대방1동주민센터,서울특별시 동작구 신대방길 72 (공중화장실),37.49149,126.95529,화장실
신대방2동주민센터,서울특별시 동작구 여의대방로24길 76 (공중화장실),37.50307,126.97794,화장실
동작샘터도서관,서울 동작구 동작대로29길 63-26 (공중화장실),37.505,126.97472,화장실
다울작은도서관,서울 동작구 사당로20길 132 (공중화장실),37.51368,126.94693,화장실
동작어린이도서관,서울특별시 동작구 장승배기로 16길 98 (공중화장실),37.51125,126.96163,화장실
대방어린이도서관,서울특별시 동작구 대방동길 55 (공중화장실),37.50876,126.95424,화장실
동작종합사회복지관,서울특별시 동작구 등용로 47 (공중화장실),37.49469,126.95943,화장실
본동종합사회복지관,서울특별시 동작구 노량진로32길 79 (공중화장실),37.50388,126.95021,화장실
대방종합사회복지관,서울특별시 동작구 여의대방로44길 47 (공중화장실),37.49924,126.96088,화장실
동작이수사회복지관,서울특별시 동작구 동작대로35차길 7 (공중화장실),37.49913,126.98428,화장실
사당종합사회복지관,서울특별시 동작구 사당로14길 20 (공중화장실),37.48263,126.9682,화장실
상도종합사회복지관,서울특별시 동작구 상도로39가길 7 (공중화장실),37.48653,126.91014,화장실
참새공원 공중화장실,서울 동작구 여의대방로24길 29 (공중화장실),37.51223,126.92577,화장실
사자암 공중화장실,서울 동작구 상도동 280 (공중화장실),37.5132,126.9412,화장실
국사봉 공중화장실,서울 동작구 상도동 산65-49 (공중화장실),37.48708,126.90564,화장실
상도근린공원 공중화장실,서울 동작구 상도동 산57-64 (공중화장실),37.5081,126.96524,화장실
주차공원 공중화장실,서울 동작구 현충로 220 (공중화장실),37.48494,126.9699,화장실
현충원 공중화장실,서울 동작구 동작동 산45-1 (공중화장실),37.49494,126.96145,화장실
사육신 공중화장실,서울 동작구 노량진동 153-18 (공중화장실),37.51297,126.937,화장실
효사정 공중화장실,서울 동작구 흑석동 172-2 (공중화장실),37.4887,126.98197,화장실
본동 공중화장실,서울 동작구 본동 126-449 (공중화장실),37.48806,126.97915,화장실
절고개 공중화장실,서울 동작구 상도동 508 (공중화장실),37.50574,126.92288,화장실
상도1동 공중화장실,서울 동작구 상도로41가길 19 (공중화장실),37.50185,126.93491,화장실
달마사 공중화장실,서울 동작구 흑석동 산60-8 (공중화장실),37.49936,126.92876,화장실
이수교 공중화장실,서울 동작구 동작동 86-6 (공중화장실),37.51343,126.94354,화장실
사당5동 공중화장실,서울 동작구 사당동 712-5 (공중화장실),37.50286,126.93518,화장실
도림천 공중화장실,서울 동작구 신대방동 702-8 (공중화장실),37.49836,126.95139,화장실
CJ푸드빌빕스대방점,서울 동작구 노량진로 2 (개방화장실),37.47962,126.98136,화장실
KT빌딩,서울 동작구 노량진로 138 (개방화장실),37.50707,126.94572,화장실
sk네트워크 21세기주유소,서울 동작구 시흥대로 616 (개방화장실),37.5084,126.92647,화장실
sk네트워크 흑석동주유소,서울 동작구 현충로 101 (개방화장실),37.48924,126.98205,화장실
거묵프리미엄상가,서울 동작구 사당로 196 (개방화장실),37.49226,126.90996,화장실
금성주유소,서울 동작구 사당로 59 (개방화장실),37.51276,126.93403,화장실
기독교TV멀티미디어센터,서울 동작구 노량진로 100 (개방화장실),37.50795,126.93934,화장실
남성주유소,서울 동작구 동작대로 135 (개방화장실),37.50604,126.96042,화장실
남일교회,서울 동작구 동작대로27길 57 (개방화장실),37.50714,126.94024,화장실
대방주유소,서울 동작구 여의대방로 214 (개방화장실),37.50986,126.92495,화장실
동광교회,서울 동작구 성대로1길 26 (개방화장실),37.47831,126.98096,화장실
동일석유(주)동주충전소,서울 동작구 상도로 74 (개방화장실),37.497,126.93001,화장실
맥도날드(주),서울 동작구 노량진로 158 (개방화장실),37.50783,126.94726,화장실
믿음가득 매일주유소,서울 동작구 상도로 139 (개방화장실),37.49388,126.92266,화장실
살피재주유소,서울 동작구 상도로 334 (개방화장실),37.48047,126.9731,화장실
삼성생명 사당빌딩,서울 동작구 동작대로 35 (개방화장실),37.49281,126.96974,화장실
신동아리버파크상가,서울 동작구 만양로 19 (개방화장실),37.48472,126.96961,화장실
열림교회,서울 동작구 여의대방로44길 22 (개방화장실),37.50851,126.96194,화장실
오송빌딩,서울 동작구 동작대로 141 (개방화장실),37.50018,126.93369,화장실
우성스포츠센터,서울 동작구 여의대방로 2 (개방화장실),37.49472,126.91677,화장실
유한양행,서울 동작구 노량진로 74 (개방화장실),37.51006,126.96345,화장실
장성빌딩,서울 동작구 장승배기로 113 (개방화장실),37.48734,126.97441,화장실
중앙대학교병원,서울 동작구 흑석로 102 (개방화장실),37.49982,126.97841,화장실
청화병원,서울 동작구 장승배기로 108 (개방화장실),37.50445,126.94109,화장실
하늘마루타운상가,서울 동작구 알마타길 6 (개방화장실),37.49489,126.91949,화장실
한국전력 관악동작지사,서울특별시 동작구 동작대로 19 (공중화장실),37.51357,126.94083,화장실
상도3동 청소년독서실,서울특별시 동작구 국사봉2나길 25 (공중화장실),37.51278,126.95306,화장실
노량진1동 청소년독서실,서울특별시 동작구 만양로3길 8 (공중화장실),37.50909,126.96357,화장실
동작구민회관,서울특별시 동작구 보라매로5길 28 (공중화장실),37.50307,126.97794,화장실
동작구시설관리공단,서울특별시 동작구 보라매로5길 28 (공중화장실),37.47611,126.97339,화장실
사당4동 청소년 독서실,서울특별시 동작구 사당로22나길 71 (공중화장실),37.48755,126.91296,화장실
사당종합체육관,서울특별시 동작구 사당로27길 232 (공중화장실),37.50286,126.97999,화장실
사당문화회관,서울특별시 동작구 사당로8길 9 (공중화장실),37.48807,126.98228,화장실
흑석 청소년독서실,서울특별시 동작구 서달로13길 17 (공중화장실),37.47686,126.9816,화장실
상도4동 청소년독서실,서울특별시 동작구 성대로11길 67 (공중화장실),37.48554,126.98189,화장실
상도스포츠클럽,서울특별시 동작구 성대로2길 11 (공중화장실),37.48474,126.97112,화장실
동작구민체육센터,서울특별시 동작구 여의대방로16길 53 (공중화장실),37.49583,126.95405,화장실
흑석체육센터,서울특별시 동작구 현충로 73 (공중화장실),37.50352,126.94729,화장실
동작삼일수영장,서울특별시 동작구 사당로27길 103 (공중화장실),37.50432,126.93809,화장실
국립서울현충원 민원안내실,서울특별시 동작구 현충로 210 (공중화장실),37.49965,126.92771,화장실
국립서울현충원 만남의집,서울특별시 동작구 현충로 210 (공중화장실),37.49927,126.92034,화장실
국립서울현충원 충혼당,서울특별시 동작구 현충로 210 (공중화장실),37.49242,126.9154,화장실
국립서울현충원 봉안식장,서울특별시 동작구 현충로 210 (공중화장실),37.50524,126.94643,화장실
동작구청,서울특별시 동작구 장승배기로 161 (공중화장실),37.50833,126.95377,화장실
동작문화복지센터,서울특별시 동작구 장승배기로10길 42 (공중화장실),37.4803,126.96773,화장실
중앙화장실,서울특별시 동작구 여의대방로20길33 (공중화장실),37.49282,126.96582,화장실
노량진역,서울특별시 동작구 노량진로 지하130 (공중화장실),37.49982,126.93519,화장실
노들역,서울특별시 동작구 노량진로 지하238 (공중화장실),37.49244,126.94332,화장실
흑석(중앙대입구)역,서울특별시 동작구 현충로 지하90 (공중화장실),37.50775,126.92674,화장실
동작(1),서울특별시 동작구 현충로 지하220 (공중화장실),37.51085,126.92959,화장실
사당역(2),서울특별시 동작구 사당동 1129 (공중화장실),37.5069,126.93578,화장실
신대방역(2),서울특별시 동작구 신대방동 643-1 (공중화장실),37.48229,126.96239,화장실
동작역(4),서울특별시 동작구 동작동 327-1 (공중화장실),37.50039,126.92911,화장실
총신대입구역(4),서울특별시 동작구 사당동 736-1 (공중화장실),37.47702,126.97985,화장실
사당역(4),서울특별시 동작구 사당동 588-4 (공중화장실),37.5116,126.95722,화장실
이수역(7),서울특별시 동작구 사당동 144-4 (공중화장실),37.50547,126.94997,화장실
남성역(7),서울특별시 동작구 사당동 산 25-33 (공중화장실),37.50512,126.96061,화장실
숭실대입구역(7),서울특별시 동작구 상도동 514 (공중화장실),37.49789,126.94746,화장실
상도역(7),서울특별시 동작구 상도1동 702-1 (공중화장실),37.48408,126.96735,화장실
장승배기역(7),서울특별시 동작구 상도동 26-20 (공중화장실),37.49876,126.93984,화장실
보라매공원 놀이터,서울특별시 동작구 신대방동 395,37.49079,126.9193,무료 반려견 운동장
24시청담우리동물병원,서울특별시 강남구 삼성동 70-6,37.51449,127.05286,동물병원
SNC동물메디컬센터,서울특별시 강남구 역삼동 727-8,37.49743,127.03892,동물병원
우쭈쭈 케어센터,서울특별시 강남구 역삼동 725-29 우쭈쭈 케어센터,37.49992,127.04052,동물병원
아이윌24시 동물병원,서울특별시 강남구 청담동 47,37.51965,127.04919,동물병원
VIP동물의료센터,서울특별시 강남구 청담동 46,37.51944,127.04903,동물병원
논현동물병원 24시,서울특별시 강남구 논현동 59-5,37.51963,127.02902,동물병원
디아동물병원,서울특별시 강남구 개포동 158-8 2층,37.48278,127.06222,동물병원
튼튼동물병원,서울특별시 강남구 압구정동 426,37.52622,127.02448,동물병원
순수동물병원,서울특별시 강남구 논현동 149-6,37.51079,127.02786,동물병원
닥터박동물병원,서울특별시 강남구 역삼동 641-10 1층,37.50255,127.03572,동물병원
우리동생 동물병원 청담점,서울특별시 강남구 청담동 76-12 라테라스 청담 1층 우리동생 동물병원 청담점,37.51974,127.05049,동물병원
얼바인동물병원,서울특별시 강남구 자곡동 670 강남센터뷰오피스텔 1층 103호,37.47443,127.10711,동물병원
다랑동물병원,"서울특별시 강남구 개포동 1281 디에이치아너힐즈 상가 103호, 104호",37.48399,127.06739,동물병원
강남25시동물병원,서울특별시 강남구 논현동 90-6,37.5156,127.03502,동물병원
동물치과병원메이,서울특별시 강남구 역삼동 827-67 2층,37.49586,127.03223,동물병원
하나카동물병원,서울특별시 강남구 역삼동 834-45,37.49423,127.03471,동물병원
아이힐동물병원,서울특별시 강남구 역삼동 838-9 거암빌딩 2층,37.49023,127.03299,동물병원
메이트 동물병원,서울특별시 강남구 신사동 660-7,37.52821,127.03782,동물병원
놀로스퀘어,서울특별시 강남구 청담동 46 놀로스퀘어,37.51049,127.0249,동물병원
와이즈동물병원,서울특별시 강남구 논현동 139-32,37.47202,127.09601,동물병원
퍼스트동물의료센터,서울특별시 강남구 자곡동 636 서강프라자 2층 201호,37.49942,127.06345,동물병원
대치동물메디컬센터,서울특별시 강남구 대치동 990-1,37.49361,127.0597,동물병원
대치성심동물병원,서울특별시 강남구 대치동 623 1층 69-1호,37.48867,127.0521,동물병원
닥터그레이 동물병원,서울특별시 강남구 도곡동 467-7 아카데미스위트 A동 1층 104-1호,37.49097,127.08751,동물병원
임재성동물의료센터,"서울특별시 강남구 일원동 645-11 1층, 지층",37.47917,127.04913,동물병원
나은동물병원,서울특별시 강남구 개포동 1259-4,37.47423,127.04982,동물병원
한동물병원 개포점,서울특별시 강남구 개포동 1187-1 1층,37.50687,127.04676,동물병원
선릉동물병원,서울특별시 강남구 역삼동 694-11 1층 선릉동물병원,37.5165,127.05949,동물병원
중앙동물메디컬센터,서울특별시 강남구 삼성동 90-8 1~4층,37.46578,127.10119,동물병원
마더스동물병원,서울특별시 강남구 세곡동 581,37.52527,126.85947,동물병원
신정동물병원,서울특별시 양천구 신정동 987-3,37.5245,127.05276,동물병원
청담리덴 동물치과병원,서울특별시 강남구 청담동 52-6 3층,37.47474,127.10482,동물병원
힐스타동물병원,서울특별시 강남구 자곡동 658 강남힐스테이트에코,37.52428,127.04476,동물병원
이리온동물병원,서울특별시 강남구 청담동 97-1,37.53198,127.02856,동물병원
신사동물병원,서울특별시 강남구 논현동 59-5,37.49243,127.04002,동물병원
봄사랑동물병원,서울특별시 강남구 압구정동 455 주구센타 제1호내 203호,37.52073,127.02998,동물병원
예은동물병원,서울특별시 강남구 역삼동 798-20 1층,37.49271,127.05775,동물병원
스마트 동물병원 신사본원,서울특별시 강남구 신사동 587-13,37.50225,127.05032,동물병원
래이동물의료센터,서울특별시 강남구 대치동 649,37.50897,127.02669,동물병원
스마트 동물병원,서울특별시 강남구 대치동 898 갑신빌딩 1층,37.49558,127.04981,동물병원
커비동물병원,서울특별시 강남구 논현동 159-23,37.52387,127.03962,동물병원
OK동물병원,서울특별시 강남구 역삼동 766-20 1층 OK동물병원,37.52516,127.05263,동물병원
이안동물의학센터,서울특별시 강남구 청담동 86 킹콩빌딩 5층,37.49317,127.03543,동물병원
청담눈초롱안과동물병원,서울특별시 강남구 청담동 125-12,37.51514,127.04265,동물병원
츄츄동물병원,서울특별시 강남구 역삼동 834-66 이루미빌딩 1층,37.52238,127.03517,동물병원
강남예치과동물병원,서울특별시 강남구 삼성동 9-5 2층,37.52227,127.03967,동물병원
치료멍멍동물병원 신사본원,"서울특별시 강남구 신사동 630-23 삼공빌딩 2, 3층",37.49709,127.0422,동물병원
이리온동물병원,서울특별시 강남구 청담동 97-1,37.49081,127.0752,동물병원
이비치동물치과병원,서울특별시 강남구 청담동 1-18 대성빌딩 2층,37.5212,127.02775,동물병원
드림 동물병원,서울특별시 강남구 역삼2동 771 뉴튼프라자 101호,37.47644,127.04632,동물병원
나리울 동물병원,서울특별시 강남구 일원동 743,37.52866,127.03255,동물병원
에이드동물병원,"서울특별시 강남구 신사동 586-3 1F, B1F",37.5067,127.04087,동물병원
개포별빛동물병원,서울특별시 강남구 개포동 1229-11 동성빌딩 1층,37.52292,127.02058,동물병원
압구정동물의료센터,서울특별시 강남구 신사동 617 1층 103호,37.49758,127.04214,동물병원
서울동물심장병원,서울특별시 강남구 역삼동 689-2,37.49133,127.03848,동물병원
압구정웰동물병원,"서울특별시 강남구 신사동 528-3 덕산빌딩 105호, 203호",37.48482,126.97963,동물병원
위너스동물병원,서울특별시 강남구 역삼동 732-26,37.49972,126.92225,동물병원
동물병원 다온,서울특별시 강남구 도곡동 545-6 동물병원다온,37.50519,126.94614,동물병원
펫트너건강검진센터,서울특별시 강남구 역삼동 725-29,37.50439,126.9494,동물병원
굿파파 24시,서울특별시 동작구 사당동 148-9,37.50003,126.95074,동물병원
보라매 웰 종합 동물병원,서울특별시 동작구 대방동 401-21 MGI빌딩 1층,37.50503,126.94238,동물병원
지엔동물병원,서울특별시 동작구 상도동 22-151 지엔동물병원,37.50002,126.92547,동물병원
품 동물의료센터,서울특별시 동작구 상도1동 623 1층,37.47712,126.9767,동물병원
정겨운동물병원,서울특별시 동작구 상도1동 261,37.48768,126.97555,동물병원
유케어종합동물병원,서울특별시 동작구 상도동 27-12 성은빌딩,37.48493,126.9699,동물병원
갤러리아(EAST점) 도로변(횡단보도 포함),서울특별시 강남구 압구정동 515,37.52808,127.04157,쓰레기통
갤러리아(WEST점) 도로변(횡단보도 포함),서울특별시 강남구 압구정동 394,37.52809,127.02999,쓰레기통
"갤러리아(생활관) 정류소(버스, 택시 등)",서울특별시 강남구 압구정동 494,37.52856,127.04006,쓰레기통
한양아파트 35동 도로변(횡단보도 포함),서울특별시 강남구 압구정동 489,37.52916,127.03817,쓰레기통
"한양아파트 61동 정류소(버스, 택시 등)",서울특별시 강남구 압구정동 485,37.52958,127.03677,쓰레기통
현대아파트 91동 도로변(횡단보도 포함),서울특별시 강남구 압구정동 482,37.52993,127.03487,쓰레기통
"현대아파트 84동 정류소(버스, 택시 등)",서울특별시 강남구 압구정동 458,37.52966,127.03083,쓰레기통
압구정역 1번출구 지하철역 입구,서울 강남구 압구정동 457,37.52786,127.02934,쓰레기통
신현대아파트 103동 도로변(횡단보도 포함),서울 강남구 압구정동 426,37.52622,127.02448,쓰레기통
현대아파트 101동 도로변(횡단보도 포함),서울 강남구 압구정동 426,37.52622,127.02448,쓰레기통
신사중학교 도로변(횡단보도 포함),서울 강남구 압구정동 410,37.52434,127.02126,쓰레기통
"신사중학교 정류소(버스, 택시 등)",서울 강남구 압구정동 410,37.52434,127.02126,쓰레기통
미성2차 23동앞 도로변(횡단보도 포함),서울 강남구 압구정동 396,37.52307,127.0181,쓰레기통
"덕산빌딩 정류소(버스, 택시 등)",서울 강남구 신사동 528-3,37.52292,127.02058,쓰레기통
신사동사무소 도로변(횡단보도 포함),서울 강남구 신사동 548-1,37.524,127.02274,쓰레기통
"대일부동산 정류소(버스, 택시 등)",서울 강남구 신사동 574-3,37.52534,127.02534,쓰레기통
압구정역 5번출구 지하철역 입구,서울 강남구 신사동 580-6,37.52666,127.02796,쓰레기통
"소망부동산 정류소(버스, 택시 등)",서울 강남구 신사동 615-1,37.52806,127.03102,쓰레기통
라움 도로변(횡단보도 포함),서울 강남구 신사동 617-3,37.52877,127.0332,쓰레기통
대영부동산 도로변(횡단보도 포함),서울 강남구 신사동 638-5,37.52878,127.03529,쓰레기통
"더블유 수약국 정류소(버스, 택시 등)",서울 강남구 신사동 639-1,37.52872,127.03601,쓰레기통
우리은행 압구정로데오지점 도로변(횡단보도 포함),서울 강남구 신사동 638-13,37.52859,127.0343,쓰레기통
"동서상가 정류소(버스, 택시 등)",서울 강남구 신사동 661-1,37.52792,127.0389,쓰레기통
로데오역 6번출구 지하철역 입구,서울 강남구 신사동 664,37.52769,127.03985,쓰레기통
CJ성형외과 도로변(횡단보도 포함),서울 강남구 청담동 78-16,37.52741,127.04098,쓰레기통
"삼아약품 정류소(버스, 택시 등)",서울 강남구 청담동 80-18,37.52638,127.0451,쓰레기통
버버리 코리아 도로변(횡단보도 포함),서울 강남구 청담동 98-8,37.52448,127.04674,쓰레기통
"미니스톱(청수빌딩) 정류소(버스, 택시 등)",서울 강남구 청담동 124-4,37.5248,127.04917,쓰레기통
탐앤탐스 청담점 도로변(횡단보도 포함),서울 강남구 도산대로89길 3,37.52506,127.0502,쓰레기통
밀레 도로변(횡단보도 포함),서울 강남구 청담동 91-2,37.52387,127.04163,쓰레기통
국민은행 학동사거리점 도로변(횡단보도 포함),서울 강남구 신사동 666-11,37.52377,127.03893,쓰레기통
"쉐이크쉑 청담점 정류소(버스, 택시 등)",서울 강남구 신사동 652-16,37.52312,127.03759,쓰레기통
바카라(313빌딩) 도로변(횡단보도 포함),서울 강남구 신사동 630-31,37.5225,127.03553,쓰레기통
한성모터스(학빌딩) 도로변(횡단보도 포함),서울 강남구 신사동 629-24,37.52175,127.03336,쓰레기통
"마세라티 강남전시장 정류소(버스, 택시 등)",서울 강남구 신사동 588-21,37.52084,127.03055,쓰레기통
바른약국 도로변(횡단보도 포함),서울 강남구 신사동 561-31,37.51903,127.02563,쓰레기통
"KT 신사점 정류소(버스, 택시 등)",서울 강남구 신사동 514-10,37.51762,127.02234,쓰레기통
신사역 8번출구 지하철역 입구,서울 강남구 신사동 513-4,37.51701,127.02085,쓰레기통
신사역 7번출구 지하철역 입구,서울 강남구 신사동 501-2,37.51677,127.02008,쓰레기통
신사역 2번출구 지하철역 입구,서울 강남구 논현동 1,37.51586,127.02019,쓰레기통
신사역 1번출구 지하철역 입구,서울 강남구 논현동 2-15,37.51637,127.02127,쓰레기통
"청호빌딩 정류소(버스, 택시 등)",서울 강남구 논현동 3-2,37.51674,127.02188,쓰레기통
애플(페이토빌딩) 도로변(횡단보도 포함),서울 강남구 논현동 5-1,37.51733,127.02342,쓰레기통
을지병원 도로변(횡단보도 포함),서울 강남구 논현동 59,37.51941,127.02859,쓰레기통
에이스침대 도로변(횡단보도 포함),서울 강남구 논현동 61,37.52024,127.0308,쓰레기통
아우디 도산대로전시장 도로변(횡단보도 포함),서울 강남구 논현동 91-3,37.52139,127.03492,쓰레기통
"신한은행 도산대로지점 정류소(버스, 택시 등)",서울 강남구 논현동 92,37.52202,127.03635,쓰레기통
삼성 도로변(횡단보도 포함),서울 강남구 논현동 94-2,37.5227,127.03888,쓰레기통
포르쉐스튜디오 도로변(횡단보도 포함),서울 강남구 청담동 3,37.52302,127.042,쓰레기통
"SSG푸드마켓 청담점 정류소(버스, 택시 등)",서울 강남구 청담동 4-1,37.52339,127.04366,쓰레기통
보테가라운지 도로변(횡단보도 포함),서울 강남구 청담동 48,37.52395,127.04782,쓰레기통
청담빌딩 도로변(횡단보도 포함),서울 강남구 청담동 52,37.52418,127.05105,쓰레기통
"스타벅스 청담점 정류소(버스, 택시 등)",서울 강남구 청담동 52-1,37.52435,127.05159,쓰레기통
프리마호텔 도로변(횡단보도 포함),서울 강남구 청담동 52-3,37.52428,127.05226,쓰레기통
"세븐일레븐 청담루나점 정류소(버스, 택시 등)",서울 강남구 청담동 72-3,37.52008,127.05595,쓰레기통
진흥아파트 5동 앞 지하철역 입구,서울 강남구 청담동 73,37.51992,127.05387,쓰레기통
청담역 11번출구 지하철역 입구,서울 강남구 청담동 75-1,37.51951,127.05168,쓰레기통
청담역 10번출구 지하철역 입구,서울 강남구 청담동 75-1,37.51951,127.05168,쓰레기통
"강남세무서 정류소(버스, 택시 등)",서울 강남구 청담동 45,37.51873,127.04709,쓰레기통
"삼성아파트 101동 앞 정류소(버스, 택시 등)",서울 강남구 청담동 42,37.51792,127.04275,쓰레기통
강남구청역 4번출구 지하철역 입구,서울 강남구 청담동 41-2,37.51757,127.04149,쓰레기통
강남구청역 3번출구 지하철역 입구,서울 강남구 논현동 119,37.51745,127.04063,쓰레기통
"T-WORLD(HOSIG 타워) 정류소(버스, 택시 등)",서울 강남구 논현동 118-16,37.51706,127.03993,쓰레기통
바나프레소 세관사거리점 도로변(횡단보도 포함),서울 강남구 논현동 115-13,37.51581,127.03574,쓰레기통
"서울제이에스병원 정류소(버스, 택시 등)",서울특별시 강남구 논현동 90-7,37.51553,127.03467,쓰레기통
논현2동 파출소 도로변(횡단보도 포함),서울 강남구 논현동 89-13,37.51521,127.03385,쓰레기통
학동역9번 출구 지하철역 입구,서울 강남구 논현동 88-9,37.5147,127.03204,쓰레기통
학동역6번 출구 지하철역 입구,서울 강남구 논현동 58-9,37.5141,127.03002,쓰레기통
"삼익뮤직프라자 정류소(버스, 택시 등)",서울 강남구 논현동 58-3,37.51413,127.02918,쓰레기통
나뚜찌 도로변(횡단보도 포함),서울 강남구 논현동 56-22,37.51296,127.02655,쓰레기통
"포레힐호텔 정류소(버스, 택시 등)",서울 강남구 논현동 54-4,37.5121,127.02363,쓰레기통
논현역8번 출구 지하철역 입구,서울 서초구 잠원동 37-7,37.51158,127.0206,쓰레기통
"영동가구(학동로106) 정류소(버스, 택시 등)",서울 강남구 논현동 121,37.51114,127.0226,쓰레기통
학동역5번 출구 지하철역 입구,서울 강남구 논현동 129-1,37.51366,127.03049,쓰레기통
학동역2번 출구 지하철역 입구,서울 강남구 논현동 208,37.51396,127.03185,쓰레기통
학동역1번 출구 지하철역 입구,서울 강남구 논현동 208-7,37.51435,127.03299,쓰레기통
쌍용자동차 강남논현전시장 도로변(횡단보도 포함),서울 강남구 논현동 238,37.51516,127.03575,쓰레기통
"카페마스터 정류소(버스, 택시 등)",서울 강남구 논현동 238-10,37.51544,127.03644,쓰레기통
"정관장 강남구청역점 정류소(버스, 택시 등)",서울 강남구 논현동 241-1,37.51655,127.04014,쓰레기통
허브프라자 도로변(횡단보도 포함),서울 강남구 논현동 241-3,37.51669,127.04059,쓰레기통
"서광아파트 101동앞 정류소(버스, 택시 등)",서울 강남구 삼성동 2,37.51703,127.04275,쓰레기통
삼성월드 아파트 앞 도로변(횡단보도 포함),서울 강남구 삼성동 3-1,37.51743,127.0441,쓰레기통
한솔아파트 101동 앞 도로변(횡단보도 포함),서울 강남구 삼성동 4-1,37.51768,127.04545,쓰레기통
강남구청 도로변(횡단보도 포함),서울 강남구 삼성동 16-1,37.51757,127.04749,쓰레기통
"강남구청 정류소(버스, 택시 등)",서울 강남구 삼성동 16-1,37.51757,127.04749,쓰레기통
상아아파트1동(학동로446) 도로변(횡단보도 포함),서울 강남구 삼성동 189,37.51771,127.04987,쓰레기통
청담역4번 출구 지하철역 입구,서울 강남구 삼성동 53-2,37.51871,127.05212,쓰레기통
"청담불한증막 정류소(버스, 택시 등)",서울 강남구 청담동 44-12,37.51835,127.04596,쓰레기통
삼성라테라스아파트 도로변(횡단보도 포함),서울특별시 강남구 봉은사로 645,37.51555,127.0658,쓰레기통
삼성라테라스아파트 도로변(횡단보도 포함),서울특별시 강남구 봉은사로 645,37.51555,127.0658,쓰레기통
미켈란107 도로변(횡단보도 포함),서울 강남구 삼성동 107,37.51489,127.06041,쓰레기통
봉은사역 1번출구 도로변(횡단보도 포함),서울 강남구 삼성동 77-20,37.51434,127.05915,쓰레기통
"GS25 봉은사점 정류소(버스, 택시 등)",서울 강남구 삼성동 77-23,37.51426,127.05866,쓰레기통
봉은사 도로변(횡단보도 포함),서울특별시 강남구 봉은사로 531,37.51583,127.05774,쓰레기통
더라빌입구 도로변(횡단보도 포함),서울 강남구 삼성동 73-1,37.51406,127.05637,쓰레기통
더라빌입구 도로변(횡단보도 포함),서울 강남구 삼성동 73-1,37.51406,127.05637,쓰레기통
국민은행 삼성중앙역지점 도로변(횡단보도 포함),서울 강남구 삼성동 51-2,37.51316,127.05269,쓰레기통
"롯데슈퍼 봉은사로점 정류소(버스, 택시 등)",서울 강남구 봉은사로 471,37.51273,127.05124,쓰레기통
"한국통신사업자 정류소(버스, 택시 등)",서울 강남구 삼성동 44-9,37.51161,127.04742,쓰레기통
"삼성2동주민센터 정류소(버스, 택시 등)",서울 강남구 삼성동 38-34,37.51121,127.04598,쓰레기통
"삼성2동주민센터 정류소(버스, 택시 등)",서울 강남구 삼성동 38-34,37.51121,127.04598,쓰레기통
"쿨마트 논현점(아크로힐스 논현아파트 104동 앞) 정류소(버스, 택시 등)",서울 강남구 논현동 277-27,37.50952,127.04014,쓰레기통
아크로힐스 103동 앞 도로변(횡단보도 포함),서울 강남구 논현동 276-1,37.50953,127.03896,쓰레기통
"타이어T-스테이션 강남논현점 정류소(버스, 택시 등)",서울 강남구 봉은사로 229,37.50869,127.03717,쓰레기통
"올리브영 언주역점 정류소(버스, 택시 등)",서울 강남구 논현동 235-9,37.50793,127.035,쓰레기통
거평타운 도로변(횡단보도 포함),서울 강남구 논현동 203-1,37.50589,127.02822,쓰레기통
거평타운 도로변(횡단보도 포함),서울 강남구 논현동 203-1,37.50589,127.02822,쓰레기통
"신논현역(봉은사로 110) 정류소(버스, 택시 등)",서울 강남구 역삼동 601-1,37.50465,127.02581,쓰레기통
"삼정호텔(차병원 건강검진센터) 정류소(버스, 택시 등)",서울 강남구 역삼동 604-7,37.50612,127.03118,쓰레기통
여송빌딩 도로변(횡단보도 포함),서울 강남구 역삼동 650,37.50712,127.03426,쓰레기통
"송산빌딩 정류소(버스, 택시 등)",서울 강남구 역삼동 651,37.50737,127.0352,쓰레기통
"송산빌딩 정류소(버스, 택시 등)",서울 강남구 역삼동 651,37.50737,127.0352,쓰레기통
"송산빌딩 정류소(버스, 택시 등)",서울 강남구 역삼동 651,37.50737,127.0352,쓰레기통
우리은행 역삼동지점 도로변(횡단보도 포함),서울특별시 강남구 역삼동 726,37.49907,127.03837,쓰레기통
"NK타워 정류소(버스, 택시 등)",서울 강남구 역삼동 681-16,37.50911,127.04065,쓰레기통
"창일빌딩 정류소(버스, 택시 등)",서울 강남구 역삼동 682-7,37.50971,127.04291,쓰레기통
라마다호텔 도로변(횡단보도 포함),서울 강남구 봉은사로 410,37.51035,127.04528,쓰레기통
"구다모 정류소(버스, 택시 등)",서울 강남구 삼성동 113-2,37.51066,127.04636,쓰레기통
"우리은행 삼성중앙역지점 정류소(버스, 택시 등)",서울 강남구 삼성동 117-1,37.51248,127.05244,쓰레기통
"광동한방병원 정류소(버스, 택시 등)",서울 강남구 삼성동 161,37.51426,127.06213,쓰레기통
"신의주찹쌀순대 정류소(버스, 택시 등)",서울 강남구 봉은사로 636,37.51481,127.06491,쓰레기통
"삼성빌딩 정류소(버스, 택시 등)",서울 강남구 삼성동 170-8,37.51,127.06572,쓰레기통
삼성역8번 출구 지하철역 입구,서울 강남구 테헤란로 607,37.50951,127.064,쓰레기통
K타워(삼성동 158-23) 도로변(횡단보도 포함),서울 강남구 테헤란로 513,37.50803,127.05889,쓰레기통
국민은행 삼성동지점 도로변(횡단보도 포함),서울 강남구 삼성동 157-33,37.5074,127.05719,쓰레기통
KB우준타워 도로변(횡단보도 포함),서울 강남구 삼성동 144-29,37.50721,127.05604,쓰레기통
"연당빌딩 정류소(버스, 택시 등)",서울 강남구 삼성동 144-23,37.50684,127.05518,쓰레기통
삼성생명 도로변(횡단보도 포함),서울 강남구 대치동 890,37.50477,127.05125,쓰레기통
선릉역10번 출구 지하철역 입구,서울 강남구 삼성동 141-32,37.5053,127.0498,쓰레기통
선릉역6번 출구 지하철역 입구,서울 강남구 역삼동 705-27,37.50479,127.04846,쓰레기통
선릉역5번 출구 지하철역 입구,서울 강남구 역삼동 705-9,37.50465,127.04744,쓰레기통
동훈타운 도로변(횡단보도 포함),서울 강남구 역삼동 702-19,37.50397,127.04575,쓰레기통
"한국기술센터 정류소(버스, 택시 등)",서울 강남구 역삼동 701-7,37.5033,127.04365,쓰레기통
"KEB하나은행 역삼역금융센터 정류소(버스, 택시 등)",서울 강남구 테헤란로 207,37.50171,127.03871,쓰레기통
역삼역8번 출구 지하철역 입구,서울 강남구 역삼동 679-5,37.50131,127.03717,쓰레기통
역삼역5번 출구 지하철역 입구,서울 강남구 역삼동 642-19,37.50102,127.03608,쓰레기통
역삼역4번출구 지하철역 입구,서울 강남구 테헤란로 143,37.50062,127.0349,쓰레기통
특허청 도로변(횡단보도 포함),서울 강남구 역삼동 647-9,37.50009,127.0329,쓰레기통
여삼빌딩 도로변(횡단보도 포함),서울 강남구 역삼동 648-23,37.49956,127.03151,쓰레기통
"단풍나무집 강남점 정류소(버스, 택시 등)",서울특별시 강남구 역삼동 822-7,37.49898,127.02954,쓰레기통
강남역 12번출구 지하철역 입구,서울 강남구 역삼동 822-1,37.49866,127.02851,쓰레기통
신사역6번 출구 지하철역 입구,서울 강남구 강남대로 616,37.51686,127.0198,쓰레기통
신사역3번 출구 지하철역 입구,서울 강남구 강남대로 606,37.51587,127.02016,쓰레기통
"동신빌딩 정류소(버스, 택시 등)",서울 강남구 논현동 17,37.51539,127.02019,쓰레기통
전기공사공제조합 도로변(횡단보도 포함),서울 강남구 논현동 19-7,37.51311,127.02086,쓰레기통
"강남에스엠여성의원 정류소(버스, 택시 등)",서울특별시 강남구 논현동 164-11,37.50751,127.02351,쓰레기통
온누리제일그랜드약국 도로변(횡단보도 포함),서울 강남구 논현동 200,37.50511,127.02467,쓰레기통
신논현역 5번출구 지하철역 입구,서울 강남구 역삼동 808-5,37.5042,127.02511,쓰레기통
"한국자산관리공사 정류소(버스, 택시 등)",서울 강남구 도곡동 949-3,37.48718,127.03336,쓰레기통
ABC마트 GS강남본점 도로변(횡단보도 포함),서울 강남구 강남대로 430,37.50097,127.02667,쓰레기통
"씨티약국 정류소(버스, 택시 등)",서울 강남구 강남대로 374,37.49629,127.02907,쓰레기통
뉴발란스 강남 플래그십스토어 도로변(횡단보도 포함),서울 강남구 역삼동 820,37.49951,127.02732,쓰레기통
YBM어학원 강남센터 도로변(횡단보도 포함),서울 강남구 역삼동 820-8,37.49922,127.02758,쓰레기통
압구정역4번 출구 지하철역 입구,서울 강남구 신사동 581-6,37.52563,127.02816,쓰레기통
브라운성형외과의원 도로변(횡단보도 포함),서울 강남구 신사동 582-10,37.52524,127.02806,쓰레기통
"국민은행 압구정종합금융센터 정류소(버스, 택시 등)",서울 강남구 신사동 585-13,37.5228,127.02802,쓰레기통
하이마트 압구정점 도로변(횡단보도 포함),서울 강남구 신사동 563-33,37.51999,127.02739,쓰레기통
"더조은 병원 정류소(버스, 택시 등)",서울특별시 강남구 논현동 37-21,37.51485,127.03007,쓰레기통
학동역7번 출구 지하철역 입구,서울 강남구 논현동 58-7,37.51423,127.03026,쓰레기통
학동역4번 출구 지하철역 입구,서울 강남구 논현동 129-1,37.51366,127.03049,쓰레기통
"LGU+ 언주역점 정류소(버스, 택시 등)",서울 강남구 논현동 192-6,37.50791,127.03331,쓰레기통
기업은행 언주역지점 도로변(횡단보도 포함),서울 강남구 논현동 192-19,37.50748,127.03343,쓰레기통
"안덕빌딩 정류소(버스, 택시 등)",서울특별시 강남구 역삼동 607-11,37.50577,127.03424,쓰레기통
배민라이더스 남부센터 도로변(횡단보도 포함),서울특별시 강남구 역삼동 607-19,37.50492,127.03466,쓰레기통
마린텍 도로변(횡단보도 포함),서울 강남구 역삼동 628-14,37.5035,127.03523,쓰레기통
"GS빌딩 정류소(버스, 택시 등)",서울 강남구 역삼동 679,37.50209,127.0368,쓰레기통
온누리건강약국(온누리빌딩) 도로변(횡단보도 포함),서울특별시 강남구 역삼동 667-16,37.50366,127.0359,쓰레기통
"문화빌딩 정류소(버스, 택시 등)",서울 강남구 역삼동 659-5,37.5054,127.03514,쓰레기통
언주역 3번출구 지하철역 입구,서울 강남구 논현동 234-20,37.50788,127.03405,쓰레기통
이자카야찬 도로변(횡단보도 포함),서울 강남구 논현동 221-14,37.5102,127.03283,쓰레기통
"스타벅스 논현힐탑점 정류소(버스, 택시 등)",서울 강남구 논현동 216-5,37.51158,127.0322,쓰레기통
학동역3번 출구 지하철역 입구,서울 강남구 학동로 204,37.51378,127.0312,쓰레기통
"아이케슬 정류소(버스, 택시 등)",서울 강남구 논현동 86-1,37.51528,127.03074,쓰레기통
국제모피 도로변(횡단보도 포함),서울 강남구 논현동 80,37.51682,127.02986,쓰레기통
로뎀빌딩 도로변(횡단보도 포함),서울 강남구 신사동 591-18,37.52179,127.02845,쓰레기통
"농협 압구정역지점 정류소(버스, 택시 등)",서울 강남구 신사동 599,37.52421,127.02874,쓰레기통
압구정역3번 출구 지하철역 입구,서울 강남구 신사동 610-5,37.52612,127.02877,쓰레기통
압구정역2번 출구 지하철역 입구,서울 강남구 논현로 876-2,37.52687,127.02868,쓰레기통
현대아파트 79동 도로변(횡단보도 포함),서울 강남구 압구정동 449,37.52951,127.02712,쓰레기통
"압구정중고 정류소(버스, 택시 등)",서울 강남구 압구정동 458,37.52966,127.03083,쓰레기통
라움 도로변(횡단보도 포함),서울 강남구 신사동 637,37.52826,127.03415,쓰레기통
글로벌뱅앤올룹슨 도로변(횡단보도 포함),서울 강남구 신사동 618-4,37.52776,127.03316,쓰레기통
서울세관 도로변(횡단보도 포함),서울 강남구 논현동 71,37.51815,127.03402,쓰레기통
"신한은행 영동지점 정류소(버스, 택시 등)",서울 강남구 논현동 84,37.51671,127.03482,쓰레기통
올리브영 세관사거리점 도로변(횡단보도 포함),서울시 강남구 학동로235 영일빌딩,37.51558,127.03501,쓰레기통
"포스코주택전시관 정류소(버스, 택시 등)",서울시 강남구 언주로 832,37.5246,127.03378,쓰레기통
강남지인병원 도로변(횡단보도 포함),서울 강남구 언주로 631,37.51279,127.03503,쓰레기통
"강남 YMCA(논현동225-6) 정류소(버스, 택시 등)",서울 강남구 언주로 615,37.51064,127.03619,쓰레기통
"스포월드 정류소(버스, 택시 등)",서울 강남구 언주로98길 14,37.50484,127.04282,쓰레기통
르노삼성자동차 강남지점 도로변(횡단보도 포함),서울 강남구 언주로 551,37.50699,127.03966,쓰레기통
"영동전화국 정류소(버스, 택시 등)",서울 강남구 언주로98길 5,37.50518,127.04218,쓰레기통
역삼 2번지하보도(테헤란로301) 기타(지하보도 앞),서울 강남구 테헤란로 301,37.50313,127.04307,쓰레기통
"서울 전통 육개장 정류소(버스, 택시 등)",서울 강남구 언주로 516,37.50477,127.04207,쓰레기통
"LGU+ K버스정류장 IDC논현센터 정류소(버스, 택시 등)",서울 강남구 언주로 616,37.51105,127.03698,쓰레기통
"임페리얼 팔레스 정류소(버스, 택시 등)",서울시 강남구 언주로 640,37.5141,127.03589,쓰레기통
"세븐일레븐 논현2호점 정류소(버스, 택시 등)",서울특별시 강남구 논현동 106-7,37.51728,127.03574,쓰레기통
두산타워 도로변(횡단보도 포함),서울 강남구 언주로 726,37.51938,127.0352,쓰레기통
"아크로갤러리 정류소(버스, 택시 등)",서울특별시 강남구 언주로 812,37.52296,127.03387,쓰레기통
"윤당 아트홀 정류소(버스, 택시 등)",서울 강남구 언주로 844,37.52566,127.03373,쓰레기통
"현대아파트 92동앞 정류소(버스, 택시 등)",서울 강남구 압구정로 309,37.53192,127.03554,쓰레기통
"국대떡볶이 압구정로데오점 정류소(버스, 택시 등)",서울 강남구 선릉로 815,37.52487,127.03933,쓰레기통
"LGU+ 강남구청역점 정류소(버스, 택시 등)",서울 강남구 선릉로 635 1층,37.51316,127.04247,쓰레기통
"KS병원 정류소(버스, 택시 등)",서울 강남구 선릉로 571,37.50932,127.04394,쓰레기통
선릉역7번출구 지하철역 입구,서울 강남구 역삼동 802-31,37.50358,127.04935,쓰레기통
선릉역8번출구 지하철역 입구,서울 강남구 삼성동 141-36,37.50496,127.04904,쓰레기통
"아크로텔 정류소(버스, 택시 등)",서울 강남구 선릉로 524,37.50666,127.04839,쓰레기통
"건우한의원 정류소(버스, 택시 등)",서울 강남구 선릉로 630,37.51283,127.04316,쓰레기통
나래(한미르빌딩) 도로변(횡단보도 포함),서울 강남구 선릉로 646,37.5142,127.04269,쓰레기통
"도시빌딩 정류소(버스, 택시 등)",서울 강남구 선릉로 714,37.51863,127.04097,쓰레기통
"영동고교입구 정류소(버스, 택시 등)",서울 강남구 선릉로 742,37.52139,127.04374,쓰레기통
"버거킹 청담점 정류소(버스, 택시 등)",서울 강남구 선릉로 812,37.52431,127.03973,쓰레기통
Tag Heuer 도로변(횡단보도 포함),서울 강남구 선릉로 828,37.52584,127.04023,쓰레기통
"청담성모치과 정류소(버스, 택시 등)",서울 강남구 삼성로 767,37.52311,127.04761,쓰레기통
청기와 아트갤러리 도로변(횡단보도 포함),서울 강남구 삼성로 755,37.52227,127.04806,쓰레기통
피카소 라운지 도로변(횡단보도 포함),서울 강남구 삼성로148길 10,37.52371,127.04862,쓰레기통
"설빙 청담공원점 정류소(버스, 택시 등)",서울특별시 강남구?삼성로?725,37.52022,127.04907,쓰레기통
청담역8번 출구 지하철역 입구,서울 강남구 청담동 77-72,37.51961,127.04969,쓰레기통
"상아아파트 2동앞(학동로446) 정류소(버스, 택시 등)",서울 강남구 학동로 445,37.51909,127.04961,쓰레기통
노브랜드 강남삼성점 도로변(횡단보도 포함),서울 강남구 삼성로 633,37.51629,127.05111,쓰레기통
"센트럴 아이파크 304동 앞 정류소(버스, 택시 등)",서울 강남구 삼성로 629,37.51579,127.05132,쓰레기통
BK타워 도로변(횡단보도 포함),서울 강남구 삼성로 547,37.51035,127.05437,쓰레기통
"삼성주유소 정류소(버스, 택시 등)",서울 강남구 삼성로 563,37.51189,127.05359,쓰레기통
리칭 도로변(횡단보도 포함),서울 강남구 삼성로 520,37.50871,127.05592,쓰레기통
"홈플러스 익스프레스 삼성2점 정류소(버스, 택시 등)",서울 강남구 삼성로 548,37.51062,127.05503,쓰레기통
"강남구도시관리공단 정류소(버스, 택시 등)",서울 강남구 삼성로 628,37.51591,127.05214,쓰레기통
청담역6번 출구 지하철역 입구,서울 강남구 삼성동 52,37.51859,127.05074,쓰레기통
청담역9번 출구 지하철역 입구,서울 강남구 청담동 76-4,37.51936,127.05033,쓰레기통
"아베뉴 주노 정류소(버스, 택시 등)",서울 강남구 삼성로 740,37.52151,127.0494,쓰레기통
"토담골 정류소(버스, 택시 등)",서울 강남구 삼성로 766,37.52326,127.04821,쓰레기통
"리버뷰오피스텔 정류소(버스, 택시 등)",서울 강남구 영동대로 721,37.5222,127.05531,쓰레기통
"대신증권 청담WM센터 정류소(버스, 택시 등)",서울 강남구 영동대로 707,37.52071,127.05595,쓰레기통
청담역13번 출구 지하철역 입구,서울 강남구 청담동 77-4,37.5232,127.05535,쓰레기통
청담역2번출구 지하철역 입구,서울 강남구 영동대로 647,37.51965,127.05662,쓰레기통
"동남철물 정류소(버스, 택시 등)",서울 강남구 영동대로 613,37.5149,127.05935,쓰레기통
"무역센터 위 (공항버스정류장 인근) 정류소(버스, 택시 등)",서울 강남구 테헤란로 521,37.50919,127.06081,쓰레기통
무역센터 도로변(횡단보도 포함),서울 강남구 영동대로 513,37.51182,127.05916,쓰레기통
"인터콘티넨탈호텔 정류소(버스, 택시 등)",서울 강남구 테헤란로 521,37.50919,127.06081,쓰레기통
삼성역6번 출구 지하철역 입구,서울 강남구 삼성동 111-8,37.51446,127.0601,쓰레기통
삼성역7번 출구 지하철역 입구,서울 강남구 삼성동 111-8,37.51446,127.0601,쓰레기통
"한국산업은행 강남지점 정류소(버스, 택시 등)",서울 강남구 영동대로 421,37.507,127.06353,쓰레기통
한전앞 도로변(횡단보도 포함),서울 강남구 영동대로 512,37.51193,127.06464,쓰레기통
"GM대우 정류소(버스, 택시 등)",서울 강남구 영동대로 340,37.50507,127.06583,쓰레기통
청담역1번출구 지하철역 입구,서울 강남구 삼성동 111-8,37.51446,127.0601,쓰레기통
청담역14번 출구 지하철역 입구,서울 강남구 청담동 77-4,37.5232,127.05535,쓰레기통
"우리은행 청담동금융센터 정류소(버스, 택시 등)",서울 강남구 영동대로 708,37.52106,127.05714,쓰레기통
국민은행 청담영동지점 도로변(횡단보도 포함),서울 강남구 영동대로 720,37.52219,127.05646,쓰레기통
"영동낙지(제일정형외과) 정류소(버스, 택시 등)",서울 강남구 영동대로 726,37.52282,127.05614,쓰레기통
미켈란(삼성동 147-2) 도로변(횡단보도 포함),서울 강남구 봉은사로 516,37.51324,127.056,쓰레기통
한국촌(삼성동 153-29) 도로변(횡단보도 포함),서울시 강남구 테헤란로87길 57,37.51129,127.05719,쓰레기통
심스빌딩 도로변(횡단보도 포함),서울 강남구 테헤란로87길 39,37.51034,127.05764,쓰레기통
K타워(삼성동 158-23) 도로변(횡단보도 포함),서울 강남구 테헤란로 513,37.50803,127.05889,쓰레기통
세븐럭카지노 도로변(횡단보도 포함),서울 강남구 테헤란로87길 58,37.51202,127.05754,쓰레기통
"서울의료원 정류소(버스, 택시 등)",서울 강남구 봉은사로114길 43,37.51304,127.06666,쓰레기통
서울의료원 도로변(횡단보도 포함),서울 강남구 봉은사로114길 43,37.51304,127.06666,쓰레기통
현대오트론 도로변(횡단보도 포함),서울 강남구 테헤란로113길 12,37.51129,127.06653,쓰레기통
24길2번지 (버스정류장 ID:20-157) 버스정류장 옆,서울 동작구 노량진로24길 2,37.51239,126.95305,쓰레기통
248번지(노들지구대 앞) 가로변,서울 동작구 노량진로 248,37.5124,126.95364,쓰레기통
노들역 (버스정류장 ID:20-014) 중앙차로 버스정류장,서울 동작구 노량진로 226,37.51249,126.95094,쓰레기통
224번지(노량진우체국) 가로변,서울 동작구 노량진로 224,37.51247,126.95064,쓰레기통
노들역 (버스정류장 ID:20-013) 중앙차로 버스정류장,서울 동작구 노량진로 212,37.51262,126.94951,쓰레기통
동작구청앞 버스정류장 (버스정류장 ID:20-944) 가로변,서울 동작구 국사봉길 42,37.49768,126.92998,쓰레기통
191(사육신묘앞) 가로변,서울 동작구 노량진로 191,37.51346,126.94941,쓰레기통
16길 33번지 가로변,서울 동작구 노량진로 16길 33,37.51206,126.94417,쓰레기통
223번지 가로변,서울 동작구 노량진로 223,37.51297,126.95079,쓰레기통
112번지(다이소 앞) 가로변,서울 동작구 만양로 112,37.51334,126.94442,쓰레기통
노량진동 116-2(한성주창장앞) 가로변,서울 동작구 만양로 112,37.51334,126.94442,쓰레기통
143-1번지 가로변,서울 동작구 장승배기로 143-1,37.51045,126.93994,쓰레기통
102(나이스가이 헤어숍) 가로변,서울 동작구 장승배기로 102,37.50673,126.93998,쓰레기통
124번지 가로변,서울 동작구 노량진로 124,37.51327,126.93962,쓰레기통
160(노량진초등학교 앞) 가로변,서울 동작구 장승배기로 160,37.51175,126.94082,쓰레기통
128번지(기업은행 앞) 가로변,서울 동작구 장승배기로 128,37.50895,126.94074,쓰레기통
노량진로 152-1(해박난치과) 가로변,서울 동작구 노량진로 152-1,37.51346,126.94286,쓰레기통
53길39번지 (버스정류장 ID:20-244) 마을버스정류장 옆,서울 동작구 상도로53길 41,37.50085,126.95354,쓰레기통
268번지 가로변,서울 동작구 양녕로 268,37.5035,126.94886,쓰레기통
1길17 동양아파트 (버스정류장 ID:20-917) 가로변,서울 동작구 서달로 61,37.49961,126.96016,쓰레기통
봉현초등학교 (버스정류장 ID:20-167) 버스정류장 옆,서울 관악구 성현로 117,37.49122,126.95535,쓰레기통
383-1 번지 가로변,서울 동작구 상도로 383-1,37.49494,126.95519,쓰레기통
357번지 (버스정류장 ID:20-165) 가로변,서울 동작구 상도로 364-1,37.49607,126.95343,쓰레기통
22번지 (버스정류장 ID:20-169) 버스정류장 옆,서울 동작구 사당로 24-1,37.49507,126.95713,쓰레기통
352번지 가로변,서울 동작구 상도로 352,37.49699,126.95261,쓰레기통
267(상도역3번출구 옆) 가로변,서울 동작구 상도로 267,37.50358,126.94769,쓰레기통
6번지(백두공인중개사) 가로변,서울 동작구 만양로 6,37.50498,126.94679,쓰레기통
숭실대별관앞 (버스정류장 ID:20-172) 버스정류장 옆,서울 동작구 서달로 4,37.4951,126.96124,쓰레기통
134번지 가로변,서울 동작구 상도로 134,37.50203,126.93478,쓰레기통
269-1번지 가로변,서울 동작구 양녕로 269-1,37.50404,126.94878,쓰레기통
156번지 가로변,서울 동작구 상도로 156,37.50322,126.9366,쓰레기통
73번지(상도치안센타 옆) 마을버스정류장 옆,서울 동작구 장승배기로 73,37.50416,126.93912,쓰레기통
78번지 가로변,서울 동작구 장승배기로 78,37.50461,126.93951,쓰레기통
147번지 가로변,서울 동작구 상도로 78,37.49955,126.92915,쓰레기통
181번지 가로변,서울 동작구 상도로 181,37.50496,126.93883,쓰레기통
동작보건소 (버스정류장 ID:20-153) 버스정류장 옆,서울 동작구 상도로 207,37.50557,126.94186,쓰레기통
경향렉스빌 (버스정류장 ID:20-222) 마을버스정류장 옆,서울 동작구 양녕로 167,37.49703,126.94196,쓰레기통
94번지(주작나무 한의원 앞) 가로변,서울 동작구 상도로 94,37.49976,126.93115,쓰레기통
104번지(왕세숫대야냉면) 가로변,서울 동작구 보라매로 104,37.49843,126.92831,쓰레기통
101번지(삼거리 왕만두) 가로변,서울 동작구 보라매로 101,37.49833,126.92785,쓰레기통
서울공업고등학교 (버스정류장 ID:20-144) 버스정류장 옆,서울 동작구 상도로 5,37.50031,126.92122,쓰레기통
16번지 가로변,서울 동작구 상도로 16,37.49972,126.92232,쓰레기통
강남중학교 (버스정류장 ID: 20-006) 버스 중앙차로,서울 동작구 여의대방로 188-1,37.5037,126.92201,쓰레기통
22번지 우성아파트 (버스정류장 ID:20-927) 마을버스정류장 옆,서울 동작구 여의대방로 8,37.4931,126.9106,쓰레기통
교수아파트 (버스정류장 ID:20-928) 버스정류장 옆,서울 동작구 여의대방로10길 14,37.49633,126.91396,쓰레기통
2-5 (버스정류장 ID:20-207) 마을버스정류장 옆,서울 동작구 신대방동 702-9,37.48686,126.91161,쓰레기통
6번지 (버스정류장 ID:20-107) 가로변,서울 동작구 알마타길 6,37.50986,126.92495,쓰레기통
동작상떼빌아파트 (버스정류장 ID:20-001) 버스 중앙차로,서울 동작구 시흥대로 606,37.48649,126.90553,쓰레기통
123번지(대방할인마트 앞) 가로변,서울 동작구 등용로 123,37.51211,126.93172,쓰레기통
현대아파트 (버스정류장 ID:20-007) 버스중앙차로,서울 동작구 노량진로 48,37.51301,126.93109,쓰레기통
현대아파트유한양행 (버스정류장 ID:20-008) 버스중앙차로,서울 동작구 노량진로 53,37.51394,126.93436,쓰레기통
40번지 (버스정류장 ID:20-593) 마을버스정류장 옆,서울 동작구 등용로 40-2,37.50585,126.93436,쓰레기통
15길 8-12(흑석역4번출구) 지하철 9호선 옆,서울 동작구 흑석동 4,37.5085,126.96401,쓰레기통
124번지(조선일보뉴지엄) 가로변,서울 동작구 현충로 124,37.50629,126.96715,쓰레기통
흑석동 효사정 앞 (버스정류장 ID:20-123) 버스정류장 옆,서울 동작구 현충로2길 4,37.51148,126.96045,쓰레기통
108번지 가로변,서울 동작구 현충로 108,37.50736,126.96534,쓰레기통
동작실버센터입구 (버스정류장 ID:20-251) 버스정류장 옆,서울특별시 동작구 현충로 4,37.51307,126.95656,쓰레기통
4번지 효사정 앞 (버스정류장 ID:20-124) 버스정류장 옆,서울 동작구 현충로2길 4,37.51148,126.96045,쓰레기통
151번지 (버스정류장 ID:20-130) 버스정류장 옆,서울 동작구 현충로 151,37.50678,126.96893,쓰레기통
111번지 (버스정류장 ID:20-127)  버스정류장 옆,서울 동작구 현충로 105,37.50784,126.96561,쓰레기통
158번지 가로변,서울 동작구 서달로 158,37.50707,126.96233,쓰레기통
경문고등학교 (버스정류장 ID:22-031) 중앙차로,서울 서초구 동작대로 156,37.49041,126.98303,쓰레기통
경문고교 배나무골앞 (버스정류장 ID:20-017) 중앙차로,서울 서초구 동작대로 164,37.49129,126.98306,쓰레기통
171번지(경문고앞) 가로변,서울 동작구 동작대로 171,37.49342,126.98227,쓰레기통
정금마을 (버스정류장 ID:22-033) 중앙차로,서울 서초구 동작대로 188,37.4933,126.98309,쓰레기통
정금마을 방배경찰서 (버스정류장 ID:20-016) 중앙차로,서울 강남구 강남대로 574,37.5131,127.02086,쓰레기통
235번지 깨마을 (버스정류장 ID:20-015) 버스 중앙차로,서울 동작구 동작대로 235,37.49775,126.98319,쓰레기통
239번지 가로변,서울 동작구 동작대로 239,37.49817,126.9834,쓰레기통
국립현충원( (버스정류장 ID:20-133) 버스정류장 옆,서울 동작구 동작동 193,37.50177,126.97656,쓰레기통
국립현충원( (버스정류장 ID:20-134) 버스정류장 옆,서울 동작구 현충로 지하 220,37.50307,126.97794,쓰레기통
남성시장 (버스정류장 ID:20-018) 버스중앙차로,서울 동작구 동작대로 135,37.4887,126.98197,쓰레기통
남성시장 (버스정류장 ID:22-029) 버스중앙차로,서울 서초구 동광로12가길 42,37.48752,126.9826,쓰레기통
101번지(다비치안경 앞) 가로변,서울 동작구 동작대로 101,37.48567,126.98168,쓰레기통
121번지(미샤 앞) 가로변,서울 동작구 동작대로 121,37.48748,126.98186,쓰레기통
23길2(세븐일레븐 앞) 가로변,서울 동작구 사당로23길 2,37.48419,126.97741,쓰레기통
사당시장 (버스정류장 ID:20-180) 버스정류장 옆,서울 동작구 사당로 227,37.48376,126.9732,쓰레기통
남성역 (버스정류장 ID:20-178) 버스정류장 옆,서울 동작구 사당로13길 31,37.4858,126.97126,쓰레기통
300번지 (버스정류장 ID: 20-184) 버스정류장 옆,서울 동작구 사당로 300,37.48438,126.98028,쓰레기통
254번지 (버스정류장 ID:20-252) 버스정류장 옆,서울특별시 동작구 사당로 258,37.48335,126.97638,쓰레기통
138(사당지구대 앞) 가로변,서울 동작구 사당로 138,37.48896,126.9657,쓰레기통
19(한국전력 앞) 지하철 옆,서울 동작구 동작대로 19,37.47831,126.98096,쓰레기통
27번지(IBK기업은행 앞) 가로변,서울 동작구 동작대로 27,37.47892,126.98125,쓰레기통
67번지(더본병원 앞) 가로변,서울 동작구 동작대로 67,37.48255,126.98148,쓰레기통
방배노인복지관  (버스정류장 ID: 20-020) 버스 중앙차로,서울 동작구 동작대로 43,37.48042,126.98146,쓰레기통
이수역 (버스정류장 ID:20-027) 버스정류장 옆,서울 서초구 동작대로 68,37.48258,126.98234,쓰레기통
사당동우체국앞 (버스정류장 ID:20-019) 가로변,서울 동작구 동작대로 75,37.48338,126.98141,쓰레기통
천수공원앞(사당역7번출구) 가로변,서울 동작구 사당동 1043-16,37.47692,126.98116,쓰레기통
2019번지 가로변,서울 동작구 남부순환로 2019,37.47625,126.973,쓰레기통
2069번지 가로변,서울 동작구 남부순환로 2069,37.47694,126.97878,쓰레기통
106-5 번지 가로변,서울 동작구 흑석로 106-5,37.50789,126.96146,쓰레기통
108(신한은행) (버스정류장 ID:20194) 버스정류장 옆,서울 동작구 흑석로 108,37.50805,126.96134,쓰레기통
114-5(올리브 영) 가로변,서울 동작구 노량진로 114,37.51301,126.93861,쓰레기통
만양로3길20 신동아리버파크 가로변,서울 동작구 만양로3길 20,37.50821,126.94612,쓰레기통
노들역앞 정류장 (버스정류장 ID:20-247) 버스정류장 옆,서울 동작구 노량진로 247,37.51453,126.95243,쓰레기통
강남교회 앞 정류장 (버스정류장 ID:20-819) 버스정류장 옆,서울 동작구 만양로 76,37.51033,126.9451,쓰레기통
노량진역앞 7번출구 지하철역 앞,서울 동작구 노량진동 60-11,37.51359,126.94091,쓰레기통
노량진로 223 (버스정류장 ID:20-121) 가로변,서울 동작구 노량진로 225,37.51295,126.95099,쓰레기통
사당로 285(이디야 커피숍 앞) 가로변,서울 동작구 사당로 285,37.48465,126.97918,쓰레기통
태평백화점 앞 가로변,서울특별시 동작구 동작대로 115,37.48688,126.98167,쓰레기통
남부순환로 2057(다이소 앞) 가로변,서울 동작구 남부순환로 2057,37.47693,126.97736,쓰레기통
총신대 (버스정류장 ID:20-174) 버스정류장 옆,서울 동작구 사당로 138,37.48896,126.9657,쓰레기통
172번지(새마을금고 앞) 가로변,서울 동작구 사당로 172,37.4865,126.9679,쓰레기통
남성초등학교 (버스정류장 ID:20-496) 버스정류장 옆,서울 동작구 사당로 261,37.48381,126.97657,쓰레기통
194 (버스정류장 ID:20-600) 버스정류장 옆,서울 동작구 사당로 192,37.48517,126.96952,쓰레기통
대림로 14 (버스정류장 ID:20-208) 버스정류장 옆,서울 동작구 대림로 12-1,37.48746,126.91177,쓰레기통
등용로 96 (버스정류장 ID:20-106) 버스정류장 옆,서울 동작구 여의대방로44길 10,37.50736,126.92609,쓰레기통
658(올리브 영 앞) 가로변,서울 동작구 시흥대로 658,37.49038,126.90808,쓰레기통
126 가로변,서울 동작구 여의대방로 126,37.49814,126.92056,쓰레기통
177번지 (버스정류장 ID:20-892) 마을버스정류장 옆,서울 동작구 양녕로 177,37.49715,126.94293,쓰레기통
상도로 357 (버스정류장 ID:20-166) 버스정류장 옆,서울 동작구 상도로 357,37.49694,126.95354,쓰레기통
중앙하이츠빌 아파트 (버스정류장 ID:20-162) 버스정류장 옆,서울 동작구 상도동 462-1,37.49872,126.95096,쓰레기통
상도시장 (버스정류장 ID:20-160) 버스정류장 옆,서울 동작구 상도로 290,37.50168,126.94861,쓰레기통
16-1번지 가로변,서울 동작구 장승배기로 16-1,37.5,126.94289,쓰레기통
"양재역 3,4번출구사이 도로변(횡단보도 포함)",서울 강남구 도곡동 958-3,37.48461,127.03504,쓰레기통
도곡동 949-3 도로변(횡단보도 포함),서울 강남구 강남대로 262,37.48696,127.03345,쓰레기통
역삼동 837 도로변(횡단보도 포함),서울 강남구 강남대로 318,37.49157,127.03118,쓰레기통
"역삼동 826-22 정류소(버스, 택시 등)",서울 강남구 강남대로 368,37.49573,127.02926,쓰레기통
강남역 2번출구 앞 지하철역 입구,서울 강남구 역삼동 825-13,37.49741,127.02835,쓰레기통
강남역 1번출구 앞 지하철역 입구,서울 강남구 역삼동 804,37.50125,127.03833,쓰레기통
역삼동 캠브리지빌딩 앞 정류소(버스 택시 등),서울 강남구 역삼동 825-18,37.49808,127.02939,쓰레기통
역삼동 735 정류소(버스 택시 등),서울 강남구 역삼동 735,37.49927,127.03304,쓰레기통
역삼역 3번출구 앞 지하철역 입구,서울 강남구 역삼동 736-6,37.5,127.03542,쓰레기통
역삼동 718-2 정류소(버스 택시 등) ,서울 강남구 역삼동 718-2,37.50111,127.03902,쓰레기통
역삼동 706-1 정류소(버스 택시 등) ,서울 강남구 역삼동 706-1 정류소,37.50259,127.0441,쓰레기통
역삼동 선릉역 4번출구 앞 정류소(버스 택시 등) ,서울 강남구 역삼1동,37.49542,127.0332,쓰레기통
대치동 선릉역 1번출구 방면 정류소(버스 택시 등) ,서울 강남구 대치동 1011,37.50716,127.05802,쓰레기통
대치동 890-6 도로변(횡단보도 포함),대치동 890-6 도로변,37.50486,127.05154,쓰레기통
대치동 945-2 정류소(버스 택시 등) ,대치동945-2 정류소,37.50796,127.0616,쓰레기통
대치동 997-4 도로변(횡단보도 포함) ,대치동 997-4 도로변,37.50927,127.06638,쓰레기통
대치동 998 정류소(버스 택시 등) ,대치동 998 정류소,37.50937,127.0671,쓰레기통
삼성역 1번출구앞 도로변(횡단보도 포함) ,서울 강남구 대치동 995,37.50319,127.06625,쓰레기통
테헤란로 432 DB금융센터빌딩 정류소(버스 택시 등),서울 강남구 테헤란로 432,37.50588,127.05481,쓰레기통
대치동 892 포스코빌딩 정류소(버스 택시 등),대치동 892 포스코빌딩 정류소,37.50579,127.05615,쓰레기통
대치동 892 포스코빌딩 도로변(횡단보도 포함),대치동 892 포스코빌딩 도로변,37.50579,127.05615,쓰레기통
504 해성1빌딩 정류소(버스 택시 등),테헤란로 504 해성1빌딩 정류소,37.50663,127.05735,쓰레기통
510 루첸타워 도로변(횡단보도 포함),테헤란로 510 루첸타워 정류소,37.507,127.05866,쓰레기통
대치동 961 도로변(횡단보도 포함),대치동 961 도로변,37.50302,127.05911,쓰레기통
대치동 966-5 정류소(버스 택시 등),대치동 966-5 정류소,37.50398,127.06242,쓰레기통
역삼동 개나리sk뷰아파트상가 정류소(버스 택시 등),역삼동 716-4,37.50055,127.05033,쓰레기통
대치동 986-6 도로변(횡단보도 포함),대치동 986-6 도로변,37.50032,127.0645,쓰레기통
대치동 941-20 도로변(횡단보도 포함),대치동 941-20 도로변,37.49899,127.06007,쓰레기통
대치동 939-21 도로변(횡단보도 포함),대치동 939-21 도로변,37.49782,127.05647,쓰레기통
대치동 938-23 도로변(횡단보도 포함),대치동 938-23 도로변,37.49732,127.05497,쓰레기통
대치동 1024-4 도로변(횡단보도 포함),대치동 1024-4 도로변,37.49701,127.05626,쓰레기통
대치동 1022-1 도로변(횡단보도 포함),대치동 1022-1 도로변,37.49788,127.05863,쓰레기통
대치동 1021-8 도로변(횡단보도 포함),대치동 1021-8 도로변,37.4984,127.06064,쓰레기통
대치동 989-1 도로변(횡단보도 포함),대치동 989-1 도로변,37.49881,127.06164,쓰레기통
대치동 990-1 정류소(버스 택시 등),대치동 990-1 정류소,37.49942,127.06345,쓰레기통
역삼동 한티역 7번출구 앞 정류소(버스 택시 등),서울 강남구 역삼2동,37.49596,127.04684,쓰레기통
역삼동 785-15 도로변(횡단보도 포함),역삼동 785-15 도로변,37.49431,127.04591,쓰레기통
역삼동 788-32 정류소(버스 택시 등),역삼동 788-32 정류소,37.493,127.0418,쓰레기통
역삼동 799-21 정류소(버스 택시 등),역삼동 799-21 정류소,37.49195,127.03854,쓰레기통
역삼동 839-17 정류소(버스 택시 등),역삼동 839-17 정류소,37.48966,127.03344,쓰레기통
도곡동 943-2 정류소(버스 택시 등),도곡동 943-2 정류소,37.49038,127.03286,쓰레기통
도곡동 545-7 정류소(버스 택시 등),도곡동 545-7 정류소,37.49145,127.03886,쓰레기통
도곡동 543-5 정류소(버스 택시 등),도곡동 543-5 정류소,37.49247,127.04243,쓰레기통
도곡동 래미안그레이트아파트 정류소(버스  택시 등),서울 강남구 역삼2동,37.49596,127.04684,쓰레기통
대치동940-3 다이소매장앞 도로변(횡단보도 포함),대치동940-3 다이소매장앞,37.49852,127.05775,쓰레기통
한티역3번출구앞 정류소(버스 택시 등),서울 강남구 대치1동,37.49326,127.05682,쓰레기통
대치동 은마아파트 2동 앞 정류소(버스 택시 등),서울 강남구 대치2동 정류소,37.49581,127.06702,쓰레기통
대치동 605 정류소(버스 택시 등),대치동 605 정류소,37.49403,127.06134,쓰레기통
대치동 629 정류소(버스 택시 등),대치동 629 정류소,37.49286,127.05861,쓰레기통
대치동 651 도로변(횡단보도 포함),대치동 651 도로변,37.49221,127.05738,쓰레기통
도곡동 도곡역 2번출구 지하철역 입구,서울 강남구 대치동 600,37.49268,127.05921,쓰레기통
대치동 그랑프리상가 정류소(버스 택시 등),서울 강남구 대치동 500,37.49122,127.05653,쓰레기통
대치역 7번출구 정류소(버스 택시 등),대치역 7번출구 정류소,37.49255,127.06402,쓰레기통
대치동 미도아파트 201동 앞 정류소(버스 택시 등),서울 강남구 삼성로 150 정류소,37.4957,127.06857,쓰레기통
대치동 학여울역 1번출구 앞 지하철역 입구,서울 강남구 개포동 184-2 지하철역 입구,37.49218,127.07231,쓰레기통
도곡동 숙명여고 앞 정류소(버스 택시 등),서울 강남구 언주로 117 도로변,37.48647,127.0504,쓰레기통
도곡동 매봉역 2번출구 앞 지하철역 입구,서울 강남구 도곡동 179-2 앞,37.48699,127.04668,쓰레기통
도곡동 180-13 정류소(버스 택시 등),도곡동 180-13 정류소,37.48638,127.04485,쓰레기통
도곡동 411-20 정류소(버스 택시 등),도곡동 411-20 정류소,37.48596,127.04543,쓰레기통
도곡동 463 도로변(횡단보도 포함),도곡동 463 도로변,37.48662,127.04711,쓰레기통
도곡동 개포한신아파트 앞 정류소(버스 택시 등),서울 강남구 언주로 123 정류장,37.4876,127.04976,쓰레기통
도곡역 4번출구 앞 도로변(횡단보도 포함),서울 강남구 언주로30길 57 도로변,37.48946,127.05397,쓰레기통
개포1.2차 우성아파트 9동앞 도로변(횡단보도 포함),대치동 503 노인정 도로변,37.49113,127.0599,쓰레기통
대치동 1009-5 도로변(횡단보도 포함),대치동 1009-5 도로변,37.50164,127.06777,쓰레기통
대치동 1008-3 도로변(횡단보도 포함),대치동 1008-3 도로변,37.50304,127.06705,쓰레기통
대치동 1007 정류소(버스 택시 등),대치동 1007 도로변,37.50457,127.06617,쓰레기통
대치동 1001 정류소(버스  택시 등)   ,대치동 1001 도로변,37.50743,127.06456,쓰레기통
대치동 995-9 정류소(버스 택시 등)   ,대치동 995-9 도로변,37.50794,127.06423,쓰레기통
대치동 946-11 정류소(버스 택시 등)   ,대치동 946-11 도로변,37.50788,127.06302,쓰레기통
대치동 947-7 정류소(버스 택시 등)   ,대치동 947-7 도로변,37.50706,127.06348,쓰레기통
대치동 949-11 도로변(횡단보도 포함),대치동 949-11 도로변,37.50523,127.0645,쓰레기통
대치동 984-4 정류소(버스 택시 등)   ,대치동 984-4 도로변,37.50182,127.0664,쓰레기통
대치동 984-6 도로변(횡단보도 포함),대치동 984-6 도로변,37.50134,127.06666,쓰레기통
대치동 50-8 도로변(횡단보도 포함),대치동 50-8 도로변,37.49716,127.07046,쓰레기통
대치동 우성아파트 도로변(횡단보도 포함),대치동 50-45 도로변,37.49842,127.06952,쓰레기통
대치동 993-2 도로변(횡단보도 포함),대치동 993-2 도로변,37.50048,127.06709,쓰레기통
대치동 994-16 정류소(버스 택시 등)   ,대치동 994-16 정류소,37.49836,127.06829,쓰레기통
대치동 은마아파트 정상어학원 앞 도로변(횡단보도 포함),대치동 994-4 도로변,37.49941,127.06758,쓰레기통
대치동 은마아파트 강남나무병원 앞 도로변(횡단보도 포함),대치동 994-5 도로변,37.49928,127.06767,쓰레기통
대치동 994-8 도로변(횡단보도 포함),대치동 994-8 도로변,37.4987,127.06807,쓰레기통
대치동 994-10 스타벅스 앞 도로변(횡단보도 포함),대치동 994-10 스타벅스 앞 도로변,37.49804,127.0685,쓰레기통
은마아파트 1동앞 도로변(횡단보도 포함),대치동 316 도로변,37.49742,127.06533,쓰레기통
대치동 1020 정류소(버스 택시 등)   ,대치동 1020 정류소,37.49838,127.06152,쓰레기통
대치동 988-14 도로변(횡단보도 포함),대치동 988-14 도로변,37.49939,127.06113,쓰레기통
대치동 974-1 정류소(버스 택시 등)   ,대치동 974-1 정류소,37.50085,127.06013,쓰레기통
대치동 962-21 도로변(횡단보도 포함),대치동 962-21 도로변,37.50151,127.05991,쓰레기통
대치동 960-4 정류소(버스 택시 등)   ,대치동 960-4 정류소,37.50357,127.05881,쓰레기통
대치동 957-13 도로변(횡단보도 포함),대치동 957-13 도로변,37.5053,127.05781,쓰레기통
대치동 903-29 정류소(버스 택시 등)   ,대치동 903-29 정류소,37.50332,127.05811,쓰레기통
대치동 913-16 도로변(횡단보도 포함),대치동 913-16 도로변,37.50169,127.05896,쓰레기통
대치동 1019-14 정류소(버스 택시 등)   ,대치동 1019-14 정류소,37.49805,127.0609,쓰레기통
대치동 한티근린공원 정류소(버스 택시 등)   ,서울 강남구 삼성로 221 정류소,37.4967,127.06175,쓰레기통
대치동 897 도로변(횡단보도 포함),대치동 897 도로변,37.50289,127.05008,쓰레기통
대치동 889-33 도로변(횡단보도 포함),대치동 889-33 도로변,37.50389,127.04945,쓰레기통
진선여고사거리 정류소(버스 택시 등)   ,역삼동 716 정류소,37.50244,127.04936,쓰레기통
역삼동 대림e편한세상 정류소(버스 택시 등)   ,역삼동 755-4 앞 정류소,37.49878,127.04988,쓰레기통
도곡동 106-1 도로변(횡단보도 포함),도곡동 106-1 도로변,37.4927,127.05352,쓰레기통
도곡동 91 정류소(버스 택시 등)   ,도곡동 91 정류소,37.49102,127.05305,쓰레기통
206 대치동부센트레빌 101동 앞 정류소(버스 택시 등)   ,서울 강남구 선릉로 206 동부센트레빌상가 122호 앞 정류소,37.49146,127.05564,쓰레기통
역삼동 래미안그레이트아파트 정류소(버스 택시 등)   ,역삼동 762-3 앞 정류소,37.49517,127.04725,쓰레기통
대림역삼아파트 앞 정류소(버스 택시 등)   ,역삼2동 761-18 앞 정류소,37.49596,127.04666,쓰레기통
역삼동 래미안개나리 103동 앞 도로변(횡단보도 포함),역삼동 754 앞 도로변,37.49857,127.04642,쓰레기통
역삼동 역삼자이아파트103동 앞 정류소(버스 택시 등)   ,역삼동 711-3 앞 도로변,37.50044,127.04448,쓰레기통
역삼동 도곡지구대 도로변(횡단보도 포함),역삼동 711 앞 도로변,37.50133,127.04372,쓰레기통
역삼동 734-17 도로변(횡단보도 포함),역삼동 734-17 앞 도로변,37.49622,127.0394,쓰레기통
역삼동 역삼역 1번출구 도로변(횡단보도 포함),역삼동 717 앞 도로변,37.50026,127.03809,쓰레기통
일원동 712-1 정류소(버스 택시 등)   ,일원동 712-1 정류소,37.49217,127.08783,쓰레기통
일원동 643-5 도로변(횡단보도 포함),일원동 643-5 도로변,37.49212,127.08737,쓰레기통
대청역 3번출구 앞 도로변(횡단보도 포함),서울 강남구 일원동 700-6 도로변,37.49416,127.08108,쓰레기통
대청역 6번출구 앞 도로변(횡단보도 포함),서울 강남구 일원동 700-5 앞 도로변,37.49342,127.07877,쓰레기통
개포동 183 정류소(버스 택시 등)   ,개포동 183 정류소,37.49043,127.07003,쓰레기통
개포동 개포주공 6단지 정류소(버스 택시 등)   ,개포동 185 정류소,37.48888,127.07167,쓰레기통
개포동 182-1 정류소(버스 택시 등)   ,개포동 182-1 정류소,37.48978,127.06821,쓰레기통
개포동 186 도로변(횡단보도 포함),개포동 186 도로변,37.48896,127.06665,쓰레기통
개포동역 1번출구 정류소(버스 택시 등)   ,서울 강남구 개포동 180-2 정류소,37.48913,127.06547,쓰레기통
개포동 개포주공 1단지 도로변(횡단보도 포함),서울 강남구 개포동 141 정류소,37.47849,127.06161,쓰레기통
개포동 655-3 도로변(횡단보도 포함),개포동 655-3 도로변,37.48113,127.05324,쓰레기통
개포동 달터공원 정류소(버스 택시 등)   ,개포동 156 정류소,37.48536,127.06106,쓰레기통
개포동 개포지구대 도로변(횡단보도 포함),서울 강남구 개포로 261 정류소,37.47978,127.05117,쓰레기통
개포동 1231-1 정류소(버스 택시 등)   ,개포동 1231-1 정류소,37.47847,127.04736,쓰레기통
개포동 근린공원 도로변(횡단보도 포함),서울 강남구 개포동 182-1 정류소,37.48978,127.06821,쓰레기통
개포동 1239-19 정류소(버스 택시 등)   ,개포동 1239-19 정류소,37.47856,127.0451,쓰레기통
개포동 1246-2 도로변(횡단보도 포함),개포동 1246-2 도로변,37.47871,127.04593,쓰레기통
개포동 대모산역 2번출구 정류소(버스 택시 등)   ,서울 강남구 영동대로 101 도로변,37.49157,127.07189,쓰레기통
개포동 대모산역 7번출구 도로변(횡단보도 포함),서울 강남구 개포동 196 도로변,37.48876,127.07399,쓰레기통
일원동 주공9단지 정류소(버스 택시 등)   ,서울 강남구 영동대로 16 정류소,37.4887,127.07483,쓰레기통
일원동 613 도로변(횡단보도 포함),서울 강남구 개포로110길 21 도로변,37.49096,127.07732,쓰레기통
일원동 대모산역 도로변(횡단보도 포함),서울 강남구 개포로 지하 522 도로변,37.49155,127.07317,쓰레기통
일원동 대치아파트 정류소(버스 택시 등)   ,서울 강남구 개포로 613 도로변,37.49255,127.07513,쓰레기통
대치동 선경아파트 정류소(버스 택시 등)   ,서울 강남구 남부순환로 2936 정류소,37.49335,127.06192,쓰레기통
개포동 개포동역 7번출구 정류소(버스 택시 등)   ,서울 강남구 개포로 416 정류소,37.48828,127.06531,쓰레기통
개포동 152 정류소(버스 택시 등)   ,개포동 152 정류소,37.48671,127.06591,쓰레기통
개포동 개포3단지 정류소(버스 택시 등)   ,서울 강남구 개포동 191 정류소,37.4832,127.07057,쓰레기통
개포동 주공4단지 정류소(버스 택시 등)   ,개포동 186-16 정류소,37.48927,127.06836,쓰레기통
개포동 주공5단지 정류소(버스 택시 등)   ,서울 강남구 개포2동 정류소,37.48983,127.06913,쓰레기통
개포동 186-2 도로변(횡단보도 포함),개포동 186-2 도로변,37.48838,127.06696,쓰레기통
대치동 미도아파트 정류소(버스 택시 등)   ,서울 강남구 삼성로 150 미도아파트 단지내상가 1층 173호 정류소,37.4957,127.06857,쓰레기통
선경아파트 5동앞 도로변(횡단보도 포함),대치동 506 정류소,37.49213,127.06257,쓰레기통
도곡동 타워팰리스 F동 앞 정류소(버스 택시 등)   ,서울 강남구 언주로30길 57,37.48946,127.05397,쓰레기통
개포동 650 구룡중학교 앞 정류소(버스 택시 등)   ,서울 강남구 선릉로 103 정류소,37.48621,127.05651,쓰레기통
개포동 주공1단지(3동 앞) 정류소(버스 택시 등)   ,서울 강남구 개포동 141 정류소,37.47849,127.06161,쓰레기통
개포동 래미안블레스티지 223동 앞 정류소(버스 택시 등)   ,서울 강남구 선릉로 8 223동 B3 앞 정류소,37.48006,127.06415,쓰레기통
개포동 개포연금매장 앞 정류소(버스 택시 등)   ,서울 강남구 선릉로 32 앞 정류소,37.4827,127.06095,쓰레기통
개포동 개포래미안포레스트 106동 앞 정류소(버스 택시 등)   ,서울 강남구 개포로 264 앞 정류소,37.47975,127.05223,쓰레기통
도곡동 467-18 정류소(버스 택시 등)   ,도곡동 467-18 정류소,37.48708,127.05105,쓰레기통
개포동 1194-6 정류소(버스 택시 등)   ,개포동 1194-6 정류소,37.47439,127.04845,쓰레기통
개포동 1229-4 정류소(버스 택시 등)   ,개포동 1229-4 정류소,37.47739,127.04535,쓰레기통
도곡동 518-10 도로변(횡단보도 포함),도곡동 518-10 도로변,37.48242,127.04304,쓰레기통
도곡동 459-4 도로변(횡단보도 포함),도곡동 459-4 도로변,37.48328,127.04706,쓰레기통
일원동 현대아파트 정류소(버스 택시 등)   ,서울 강남구 일원동 614 정류소,37.49097,127.07772,쓰레기통
일원동 대청역 정류소(버스 택시 등)   ,일원동 700-9 정류소,37.49366,127.07956,쓰레기통
일원역 1번출구 정류소(버스 택시 등)   ,서울 강남구 일원동 717-1 정류소,37.48435,127.08388,쓰레기통
일원동 삼성의료원 정문 정류소(버스 택시 등)   ,일원동 50,37.48866,127.08598,쓰레기통
일원동 617 영희초등학교 정류소(버스 택시 등)   ,서울 강남구 일원로3길 4 앞 정류장,37.49105,127.08118,쓰레기통
대청역 4번출구 중동고교 정류소(버스 택시 등)   ,서울 강남구 일원로 7,37.49371,127.08066,쓰레기통
수서역 1번출구 엘리베이터 앞 정류소(버스 택시 등)   ,서울 강남구 밤고개로 99,37.48542,127.10456,쓰레기통
수서동 수서동익아파트 정류소(버스 택시 등)   ,서울 강남구 광평로39길 3 앞 정류소,37.48577,127.09726,쓰레기통
일원본동 일원역 3번출구 정류소(버스 택시 등)   ,서울 강남구 일원로 115 앞 정류소,37.48402,127.08446,쓰레기통
일원본동 푸른마을아파트 정류소(버스 택시 등)   ,서울 강남구 광평로 63 정오빌딩,37.48286,127.07963,쓰레기통
일원본동 731 정류소(버스 택시 등)   ,일원본동 731,37.48202,127.07785,쓰레기통
일원본동 일원역 5번출구 정류소(버스 택시 등)   ,서울 강남구 일원동 733,37.48296,127.08134,쓰레기통
수서동 724 정류소(버스 택시 등)   ,수서동 724 정류소,37.48733,127.10314,쓰레기통
수서동 수서역 정류소(버스 택시 등)   ,서울 강남구 밤고개로 99 정류소,37.48542,127.10456,쓰레기통
세곡동 주민센터 정류소(버스 택시 등)   ,서울 강남구 밤고개로 286 정류소,37.46905,127.10691,쓰레기통
세곡동사거리 정류소(버스 택시 등)   ,서울 강남구 세곡동 128-2 정류소,37.46445,127.1072,쓰레기통
세곡동 리엔파크 앞 도로변(횡단보도 포함),세곡동 516 도로변,37.46378,127.10441,쓰레기통
세곡동 대왕초교 앞 도로변(횡단보도 포함),서울 강남구 세곡동 128-2 도로변,37.46445,127.1072,쓰레기통
수서역 5번출구 정류소(버스 택시 등)   ,서울 강남구 수서동 724-4 정류소,37.48683,127.1027,쓰레기통
수서동 삼익아파트 401동 앞 정류소(버스 택시 등)   ,서울 강남구 수서동 707-4 정류소,37.48985,127.09929,쓰레기통
개포6단지 정류소(버스 택시 등)   ,서울 강남구 개포로 516 정류소,37.48914,127.07087,쓰레기통
개포동 개포래미안포레스트 122동 앞 정류소(버스 택시 등)   ,서울 강남구 언주로7길 23 정류소,37.47708,127.05548,쓰레기통
개포동 273 포이초등학교 앞 정류소(버스 택시 등)   ,서울 강남구 개포로22길 87 정류소,37.47582,127.05205,쓰레기통
개포동 272 국악고등학교 앞 정류소(버스 택시 등)   ,서울 강남구 개포로22길 65 정류소,37.47624,127.05121,쓰레기통
역삼동747-24 정류소(버스 택시 등)   ,역삼동747-24 정류소,37.49624,127.0387,쓰레기통
LH푸르지오 201동 정류장 정류소(버스 택시 등)   ,서울 강남구 자곡로 21 정류소,37.46735,127.09327,쓰레기통
세곡중학교 314주변 정류장 정류소(버스 택시 등)   ,서울 강남구 자곡로3길 22 정류소,37.46997,127.09102,쓰레기통
세곡중학교건너편 공원앞 정류장 정류소(버스 택시 등)   ,서울 강남구 자곡동 627 정류소,37.47039,127.0924,쓰레기통
래미안강남힐즈 정류소(버스 택시 등)   ,서울 강남구 자곡로 101 상가동 정류소,37.47266,127.09581,쓰레기통
못골마을 정류소(버스 택시 등)   ,서울 강남구 자곡로 175 정류소,37.47427,127.10264,쓰레기통
한양수자원아파트 건너편 23-393 정류소(버스 택시 등)   ,서울 강남구 밤고개로5길 46-13 정류소,37.47859,127.11141,쓰레기통
한양수자원아파트  정류소(버스 택시 등)   ,서울 강남구 자곡로 260 정류소,37.47656,127.11175,쓰레기통
대왕파출소 앞 정류소(버스 택시 등)   ,서울 강남구 헌릉로 623 정류소,37.46518,127.10736,쓰레기통
수서역 SRT 안쪽 광장등 다중집합장소,서울 강남구 수서동 199-3 안쪽,37.48497,127.10555,쓰레기통
세곡동 은곡마을 상업지구 정류소(버스 택시 등)   ,서울 강남구 헌릉로569길 18 정류소,37.46727,127.09993,쓰레기통
리엔파크 구립행복요양병원 앞 정류소(버스 택시 등)   ,서울 강남구 헌릉로590길 60 정류소,37.46118,127.10332,쓰레기통
휘문중 고등학교 정류소(버스 택시 등) ,서울 강남구 역삼로 541 정류소,37.50529,127.06199,쓰레기통
청담오후,서울특별시 강남구 청담동 40-32 2층,37.5182,127.04114,애견동반식당
뷰티그로서리,서울특별시 강남구 신사동 648-16,37.52368,127.03676,애견동반식당
비스트로상수,서울특별시 강남구 개포동 1228-5,37.47533,127.04747,애견동반식당
모스가든,서울특별시 강남구 논현동 30-6,37.51664,127.02837,애견동반식당
신사890,서울특별시 강남구 신사동 514-21,37.51756,127.02157,애견동반식당
조인바이트,서울특별시 강남구 삼성동 36-11,37.51148,127.04464,애견동반식당
FIREBELL 대치본점,서울특별시 강남구 대치동 908-17,37.50038,127.05223,애견동반식당
윌로뜨,서울특별시 강남구 청담동 19-17,37.52274,127.0434,애견동반식당
압구정제주집,서울특별시 강남구 신사동 588-12,37.52151,127.03111,애견동반식당
롤린우드,서울특별시 강남구 청담동 20-29,37.52183,127.04273,애견동반식당
꽁티드툴레아,서울특별시 강남구 신사동 646-21,37.52555,127.03691,애견동반식당
SADDLER HAUS,서울특별시 강남구 신사동 561-8,37.51941,127.02493,애견동반식당
스케줄청담,서울특별시 강남구 청담동 90-19,37.52467,127.04271,애견동반식당
까폼,서울특별시 강남구 신사동 655-15,37.52488,127.038,애견동반식당
까사밀,서울특별시 강남구 신사동 527-2,37.52199,127.01955,애견동반식당
문어랑 상록점,"서울특별시 강남구 역삼동 699 1층,2층",37.50544,127.04253,애견동반식당
세바,서울특별시 강남구 신사동 629-1 1층,37.52172,127.03169,애견동반식당
쏭타이 역삼점,서울특별시 강남구 역삼동 664-32,37.50572,127.04028,애견동반식당
Ginos NY Pizza 압구정점,서울특별시 강남구 신사동 655-3 1층 지노스피자,37.52539,127.03836,애견동반식당
킹박스,서울특별시 강남구 논현동 21-16 1층,37.51404,127.02121,애견동반식당
모터시티바이매니멀강남점,서울특별시 강남구 역삼동 817-33 2층,37.50057,127.0279,애견동반식당
더블트러블 유니온,서울특별시 강남구 신사동 523-28,37.52152,127.021,애견동반식당
워커비,서울특별시 강남구 신사동 652-11 지하1층,37.52359,127.03794,애견동반식당
레브 바,서울특별시 강남구 신사동 663 1층,37.52685,127.03804,애견동반식당
크라이치즈버거 삼성역점,서울특별시 강남구 대치동 996-17 미래에셋벤처타워 B1층,37.50905,127.06529,애견동반식당
스페인클럽 가로수본점,서울특별시 강남구 신사동 524-30,37.52191,127.02186,애견동반식당
올데이피자 서비스,서울특별시 강남구 신사동 559-10,37.52015,127.02597,애견동반식당
UPPERWEST,서울특별시 강남구 신사동 542-4,37.51987,127.02361,애견동반식당
바 밀라,서울특별시 강남구 청담동 12-12,37.52319,127.04655,애견동반식당
뉴욕라츠오베이글스,서울특별시 강남구 신사동 642-6,37.52679,127.03664,애견동반식당
큰돈가 신사점,서울특별시 서초구 잠원동 14-13,37.51596,127.01847,애견동반식당
레옹앤마틸다,서울특별시 강남구 신사동 555-25 102호,37.52147,127.02485,애견동반식당
슈퍼막셰,서울특별시 강남구 신사동 514-18 1층 슈퍼막셰 커피앤델리 신사역점,37.51722,127.02123,애견동반식당
블랙루머 BLACK RUMOR,서울특별시 강남구 신사동 660-17 A동 105호,37.52798,127.0372,애견동반식당
페인팅룸,서울특별시 강남구 신사동 644-13 은미르빌딩 B1 페인팅룸,37.52663,127.03563,애견동반식당
메종 르자당,서울특별시 강남구 신사동 650-14 2층,37.52331,127.03602,애견동반식당
에드엣,서울특별시 강남구 신사동 524-23 지하1층,37.52207,127.0215,애견동반식당
카페드로우지,"서울특별시 강남구 신사동 642-8 4층, 5층 루프탑",37.5266,127.03675,애견동반식당
미엘,서울특별시 강남구 청담동 94-3 퍼즐하우스,37.52526,127.04362,애견동반식당
핀치브런치바,서울특별시 강남구 신사동 523-36,37.52148,127.02059,애견동반식당
자매의 부엌,서울특별시 강남구 신사동 520-7,37.52092,127.022,애견동반식당
달마시안,서울특별시 강남구 신사동 634-17,37.52624,127.03452,애견동반식당
틴틴 강남점,서울특별시 강남구 역삼동 810-4,37.50354,127.02615,애견동반식당
다운타우너 청담,서울특별시 강남구 신사동 666-25,37.52405,127.03856,애견동반식당
마사 타코,서울특별시 강남구 신사동 524-29,37.52201,127.02174,애견동반식당
어썸로즈,서울특별시 강남구 신사동 520-7,37.50368,127.02746,애견동반식당
위트앤미트 강남점,서울특별시 강남구 역삼동 616-4 1층,37.50284,127.02739,애견동반식당
에이치피 서울,서울특별시 강남구 역삼동 812-13,37.52794,127.03772,애견동반식당
호쿠모쿠,서울특별시 강남구 신사동 660-14 1층,37.47943,126.98083,애견동반식당
돈페페,서울특별시 동작구 사당동 1031-4,37.50388,126.94278,애견동반식당
비단콤마,서울특별시 동작구 상도동 535,37.48053,126.98068,애견동반식당
오마주,서울특별시 동작구 사당동 1029-37 1층,37.48476,126.98152,애견동반식당
아트나인&잇나인,서울특별시 동작구 사당동 147-53,37.50003,126.92585,애견동반식당
바이슨버거,서울특별시 동작구 대방동 395-18 1층,37.48103,126.98131,애견동반식당
3공간 사당,서울특별시 동작구 사당동 1019-21,37.48172,126.97345,애견동반식당
펫타리움,"서울특별시 강남구 청담동 68-7 6, 7층",37.52246,127.05512,애견카페
강아지똥 애견카페,서울특별시 강남구 논현동 170,37.50833,127.02722,애견카페
카페더왈츠,서울특별시 강남구 역삼동 834-8,37.49413,127.03431,애견카페
봉브라더스,서울특별시 강남구 논현동 181-12 2층,37.50735,127.02626,애견카페
전설의 강아지,서울특별시 강남구 논현동 265-23,37.51203,127.04117,애견카페
반려문화,서울특별시 강남구 논현동 85-13,37.51594,127.0333,애견카페
다독인더 시티,서울특별시 강남구 역삼동 608-23,37.50458,127.03406,애견카페
두젠틀,서울특별시 강남구 역삼동 667-10,37.5042,127.03607,애견카페
어야가자애견카페,서울특별시 강남구 역삼동 662-1,37.5066,127.03979,애견카페
개러리아 삼성본점,서울특별시 강남구 삼성동 9-16,37.51446,127.0429,애견카페
글램독 그라운드 삼성점,서울특별시 강남구 삼성동 152-69 1층 글램독 그라운드 삼성점,37.51059,127.05642,애견카페
멍돌핀 애견카페,서울특별시 강남구 논현동 170-28 2층 멍돌핀,37.50796,127.02724,애견카페
드도그카페,서울특별시 강남구 삼성동 150-19 2층 드도그카페,37.51085,127.05481,애견카페
감성놀이터,서울특별시 동작구 상도로58길 4,37.49592,126.95304,애견카페
두젠틀장승배기역점,서울특별시 동작구 상도동 26-27,37.50543,126.94288,애견카페
웰컴댕댕,서울특별시 동작구 대방동 17-20 2층 웰컴댕댕,37.5091,126.93234,애견카페
펠트커피 도산공원점,서울특별시 강남구 신사동 645-21,37.52564,127.03544,애견동반카페
맘마미아,서울특별시 강남구 신사동 645-26,37.52591,127.03464,애견동반카페
정월,서울특별시 강남구 역삼동 618-21,37.50367,127.0286,애견동반카페
홍차가게 청담,서울특별시 강남구 삼성동 57-11 1층,37.51895,127.0547,애견동반카페
윌비 가로수길점,서울특별시 강남구 신사동 517-4,37.51926,127.02091,애견동반카페
뉴욕라츠오베이글스,서울특별시 강남구 신사동 642-6,37.52679,127.03664,애견동반카페
정다방,서울특별시 강남구 역삼동 725-51,37.49926,127.04003,애견동반카페
덴시티커피,서울특별시 강남구 청담동 7-4,37.523,127.04705,애견동반카페
키쏘커피 파랑헌,서울특별시 강남구 신사동 646-15,37.52565,127.03661,애견동반카페
카페 레꼴뜨,서울특별시 강남구 역삼동 681-58,37.50914,127.04255,애견동반카페
카페 노티드 청담,서울특별시 강남구 신사동 654-9,37.5242,127.0383,애견동반카페
메이킷 카페,서울특별시 강남구 삼성동 127-9,37.50968,127.0547,애견동반카페
수목금토 카페,서울특별시 강남구 논현동 25-6,37.51453,127.02549,애견동반카페
카페엔바이콘 논현점,서울특별시 강남구 논현동 4-18,37.51718,127.02297,애견동반카페
커피 신사,서울특별시 강남구 신사동 507-3 1층,37.51994,127.02006,애견동반카페
바잇미 신사점,서울특별시 강남구 신사동 525-22,37.52257,127.02126,애견동반카페
우디집 도산점,서울특별시 강남구 신사동 644-22,37.52655,127.036,애견동반카페
카페알케미,서울특별시 강남구 일원동 646-4,37.49127,127.08728,애견동반카페
겟썸커피,서울특별시 강남구 역삼동 812-3,37.50308,127.02725,애견동반카페
602dessert,서울특별시 강남구 일원동 677-11,37.49157,127.08272,애견동반카페
Small Batch Seoul,서울특별시 강남구 신사동 634-8,37.52599,127.03409,애견동반카페
커피휘엘,서울특별시 강남구 논현동 4-21,37.517,127.02358,애견동반카페
삼삼공데이,서울특별시 강남구 역삼동 642-6,37.5017,127.03598,애견동반카페
까사디도노,서울특별시 강남구 청담동 16-2 1층,37.52129,127.04449,애견동반카페
마츄피츄,서울특별시 강남구 논현동 254-22,37.51367,127.04102,애견동반카페
카페키츠네,서울특별시 강남구 신사동 535-13,37.51958,127.02278,애견동반카페
니블스,서울특별시 강남구 신사동 551-11,37.52225,127.02371,애견동반카페
어반81,서울특별시 강남구 삼성동 46-8 101호.,37.51262,127.04858,애견동반카페
블랙루머 BLACK RUMOR,서울특별시 강남구 신사동 660-17 A동 105호,37.52798,127.0372,애견동반카페
페인팅룸,서울특별시 강남구 신사동 644-13 은미르빌딩 B1 페인팅룸,37.52663,127.03563,애견동반카페
메종 르자당,서울특별시 강남구 신사동 650-14 2층,37.52331,127.03602,애견동반카페
카페오터스,서울특별시 강남구 삼성동 121-20 1층 101호,37.51052,127.05303,애견동반카페
올디너리모먼트,서울특별시 강남구 도곡동 517-8,37.48401,127.04419,애견동반카페
요거티 강남본점,서울특별시 강남구 역삼동 840-7 1층,37.49149,127.03644,애견동반카페
Coffee Writer,서울특별시 강남구 신사동 567-17,37.52344,127.02684,애견동반카페
천장지구,서울특별시 강남구 논현동 93-15 2층,37.52218,127.03835,애견동반카페
누누커피,서울특별시 강남구 삼성동 159 오크우드호텔 코엑스 별관 지하2층,37.51252,127.05882,애견동반카페
르와조 역삼,서울특별시 강남구 역삼동 640-21 1층,37.50244,127.03504,애견동반카페
더스노우 대치본점,서울특별시 강남구 대치동 907-1 코람벤처타운 1층,37.50123,127.051,애견동반카페
,서울특별시 강남구 역삼동 773-10 1층,37.49667,127.04477,애견동반카페
빠삐용빵,서울특별시 강남구 논현동 32-18 k동 1층,37.51747,127.02725,애견동반카페
라브리크 서울,서울특별시 강남구 역삼동 619-10 라브리크,37.50239,127.02792,애견동반카페
타우너스 에스프레소 바,서울특별시 강남구 역삼동 725-57 타우너스 1층,37.49844,127.03986,애견동반카페
에이엔아더,서울특별시 강남구 논현동 116-7 지상 1층,37.51625,127.03743,애견동반카페
스케줄청담,서울특별시 강남구 청담동 90-19,37.52467,127.04271,애견동반카페
더데이즈커피,서울특별시 강남구 도곡동 413-3,37.48483,127.04297,애견동반카페
달콤가든,서울특별시 강남구 논현동 78-9,37.5164,127.03175,애견동반카페
더포트,서울특별시 강남구 청담동 130-23 1층,37.52524,127.05552,애견동반카페
가배도 신논현,서울특별시 강남구 역삼동 601-12,37.5041,127.02585,애견동반카페
구테로이테,서울특별시 강남구 논현동 112-19,37.51766,127.03965,애견동반카페
이웃집통통이 로데오점,서울특별시 강남구 신사동 662-9 1층,37.52732,127.03877,애견동반카페
더스노우 논현점,서울특별시 강남구 논현동 185-1,37.5071,127.0265,애견동반카페
식물학,서울특별시 강남구 신사동 516-16 1층 카페 식물학,37.51838,127.02167,애견동반카페
아가젤라또,서울특별시 강남구 신사동 564-3 1층,37.52169,127.02709,애견동반카페
아이엠씨,서울특별시 강남구 청담동 118-17 네이처 포엠 지하1층,37.52528,127.04724,애견동반카페
한남베르그 도산,서울특별시 강남구 신사동 647-14 1층 105호,37.52502,127.03696,애견동반카페
레옹앤마틸다,서울특별시 강남구 신사동 555-25 102호,37.52147,127.02485,애견동반카페
BELOW SINSA,서울특별시 강남구 신사동 551-11 1층 101호,37.48061,126.9791,애견동반카페
머치커피,서울특별시 동작구 사당동 1026-35,37.48367,126.97615,애견동반카페
먼셀커피 이수점,서울특별시 동작구 사당동 324-16 1층,37.50274,126.94015,애견동반카페
보트커피,서울특별시 동작구 상도동 184-4,37.48182,126.98111,애견동반카페
바이엠,서울특별시 동작구 상도동 32-6,37.47838,126.97934,애견동반카페
자매커피,서울특별시 동작구 사당동 1040-2,37.48012,126.9795,애견동반카페
카페왓송,서울특별시 동작구 사당동 1028-13,37.48156,126.97246,애견동반카페
시너리,서울특별시 동작구 사당로25가길 1,37.50316,126.94861,애견동반카페
우부래도,서울특별시 동작구 상도1동 666-3,37.49386,126.92647,애견동반카페
레스트어와일,서울특별시 동작구 신대방동 344-136,37.48525,126.97925,애견동반카페
카페브르브르,서울특별시 동작구 사당동 141-48,37.47883,126.97924,애견동반카페
위드버터,서울특별시 동작구 사당동 1033-2,37.50682,126.95965,애견동반카페
토크넌센스,서울특별시 동작구 흑석동 223-15,37.50421,126.94594,애견동반카페
헤븐리가든,서울특별시 동작구 상도동 29-2,37.47899,126.9781,애견동반카페
멜로우무드,서울특별시 동작구 사당동 1034-15,37.50038,126.92656,애견동반카페
카페알코브,서울특별시 동작구 대방동 391-357,37.48398,126.97973,애견동반카페
이수카페 사이,서울특별시 동작구 사당동 1006-20,37.50963,126.9622,애견동반카페
오티움 로스터리,서울특별시 동작구 상도1동 622 1층,37.49022,126.96457,애견동반카페
미지수카페,서울특별시 동작구 사당동 188-1,37.50425,126.92305,애견동반카페
카페익스큐즈미,서울특별시 동작구 대방동 399-7,37.50151,126.95339,애견동반카페
유별커피,서울특별시 동작구 사당동 262-21,37.5049,126.92258,애견동반카페
카페플랫,서울특별시 동작구 대방동 385-22 1층 101호,37.50398,126.94465,애견동반카페
서브젝트 커피,서울특별시 동작구 상도동 28-26 1층 서브젝트 커피,37.48639,126.97969,애견동반카페
앳더스크,서울특별시 동작구 사당동 141-44 앳더스크,37.48627,126.97964,애견동반카페
요굿트,서울특별시 동작구 사당동 141-45,37.49788,126.93146,애견동반카페
카페 헷지,서울특별시 동작구 상도동 308-9 1층 카페헷지,37.5124,126.92804,애견동반카페
본디,서울특별시 동작구 대방동 340-3 1층 스타트업매장 4호,37.51087,126.94566,애견동반카페
고미제과,서울특별시 동작구 노량진동 123-37 1층 102호 고미제과,37.49023,126.98222,애견동반카페
파니모들,서울특별시 동작구 사당동 79-3 원옥빌딩 1층,37.47725,126.97912,애견동반카페
키키젤라또,서울특별시 동작구 사당동 1044-18 1층,37.49757,126.92394,애견동반카페
기역니은디귿제빵점,서울특별시 동작구 신대방동 360-224 ㄱㄴㄷ제빵점,37.50423,126.94882,애견동반카페
잔디속에있다고상상을해,서울특별시 동작구 상도1동 691 2층,37.49594,126.95305,애견동반카페
히뽀1997,서울특별시 동작구 본동 126-125,37.49862,126.93361,애견동반카페
카페희희,서울특별시 동작구 상도동 256-1 B06호,37.48559,126.9724,애견동반카페
대모산도시자연공원,서울특별시 강남구 광평로10길 30-71(대모산공원) ,37.47965,127.08096,공원
도곡근린공원,서울특별시 강남구 도곡동 산31-1,37.49031,127.04503,공원
도산근린공원,서울특별시 강남구 도산대로45길 20(도산공원),37.52468,127.03503,공원
봉은공원,서울특별시 강남구 삼성동 75,37.5139,127.0555,공원
광평근린공원,서울특별시 강남구 수서동 산10-1,37.48805,127.09218,공원
청담근린공원,서울특별시 강남구 청담동 66,37.52133,127.05245,공원
율현공원,서울특별시 강남구 율현동 밤고개로24길(율현동 56),37.47233,127.11559,공원
보라매근린공원,서울특별시 동작구 여의대방로20길 33(보라매공원),37.49233,126.91829,공원
국립현충원,서울특별시 동작구 사당2동 산41-2,37.49986,126.97369,공원
까치산근린공원,서울특별시 동작구 사당동 산32,37.48458,126.96407,공원
노량진공원,서울특별시 동작구 여의대방로 15-45(여의대방로36길 71),37.51023,126.92861,공원
사육신공원,서울특별시 동작구 노량진로 191,37.51371,126.94864,공원
삼일근린공원,서울특별시 동작구 사당동 산24-17,37.48602,126.97437,공원
상도근린공원,서울특별시 동작구 성대로6사길 27-6(상도공원) ,37.4923,126.93855,공원
